-- phpMyAdmin SQL Dump
-- version 4.7.7
-- https://www.phpmyadmin.net/
--
-- Host: 127.0.0.1
-- Generation Time: Jul 08, 2018 at 09:26 AM
-- Server version: 10.1.30-MariaDB
-- PHP Version: 7.2.2

SET SQL_MODE = "NO_AUTO_VALUE_ON_ZERO";
SET AUTOCOMMIT = 0;
START TRANSACTION;
SET time_zone = "+00:00";


/*!40101 SET @OLD_CHARACTER_SET_CLIENT=@@CHARACTER_SET_CLIENT */;
/*!40101 SET @OLD_CHARACTER_SET_RESULTS=@@CHARACTER_SET_RESULTS */;
/*!40101 SET @OLD_COLLATION_CONNECTION=@@COLLATION_CONNECTION */;
/*!40101 SET NAMES utf8mb4 */;

--
-- Database: `shopmobile`
--

-- --------------------------------------------------------

--
-- Table structure for table `about`
--

CREATE TABLE `about` (
  `id` int(11) NOT NULL,
  `address` varchar(255) DEFAULT NULL,
  `telegram` varchar(45) DEFAULT NULL,
  `phone` varchar(45) DEFAULT NULL,
  `phone_` varchar(45) DEFAULT NULL,
  `seen` varchar(45) DEFAULT NULL,
  `created_at` timestamp NULL DEFAULT NULL,
  `updated_at` timestamp NULL DEFAULT NULL,
  `fax` varchar(55) DEFAULT NULL,
  `email` varchar(55) DEFAULT NULL,
  `url` varchar(80) DEFAULT NULL,
  `name` varchar(80) DEFAULT NULL,
  `instagram` varchar(80) DEFAULT NULL,
  `about` text
) ENGINE=InnoDB DEFAULT CHARSET=utf8;

--
-- Dumping data for table `about`
--

INSERT INTO `about` (`id`, `address`, `telegram`, `phone`, `phone_`, `seen`, `created_at`, `updated_at`, `fax`, `email`, `url`, `name`, `instagram`, `about`) VALUES
(1, 'قائن خیابان ابولمفاخر دانشگاه بزرگمهر قائنات', '@mohsen_mehri', '09366246101', '05837221611', '12', '2018-06-11 19:30:00', '2018-07-06 06:05:14', '5837221615', 'mohsen.mehri6101@gmail.com', 'www.mohsen.mehri.ir', 'سایت فروشگاهی موبایل', '@mohsen.mehriii', 'لورم ایپسوم متن ساختگی با تولید سادگی نامفهوم از صنعت چاپ و با استفاده از طراحان گرافیک است. چاپگرها و متون بلکه روزنامه و مجله در ستون و سطرآنچنان که لازم است و برای شرایط فعلی تکنولوژی مورد نیاز و کاربردهای متنوع با هدف بهبود ابزارهای کاربردی می باشد. کتابهای زیادی در شصت و سه درصد گذشته, حال و آینده شناخت فراوان جامعه و متخصصان را می طلبد تا با نرم افزارها شناخت بیشتری را برای طراحان رایانه ای علی الخصوص طراحان خلاقی و فرهنگ پیشرو در زبان فارسی ایجاد کرد. در این صورت می توان امید داشت که تمام و دشواری موجود در ارائه راهکارها و شرایط سخت تایپ به پایان رسد وزمان مورد نیاز شامل حروفچینی دستاوردهای اصلی و جوابگوی سوالات پیوسته اهل دنیای موجود طراحی اساسا مورد استفاده قرار گیرد.eلورم ایپسوم متن ساختگی با تولید سادگی نامفهوم از صنعت چاپ و با استفاده از طراحان گرافیک است. چاپگرها و متون بلکه روزنامه و مجله در ستون و سطرآنچنان که لازم است و برای شرایط فعلی تکنولوژی مورد نیاز و کاربردهای متنوع با هدف بهبود ابزارهای کاربردی می باشد. کتابهای زیادی در شصت و سه درصد گذشته, حال و آینده شناخت فراوان جامعه و متخصصان را می طلبد تا با نرم افزارها شناخت بیشتری را برای طراحان رایانه ای علی الخصوص طراحان خلاقی و فرهنگ پیشرو در زبان فارسی ایجاد کرد. در این صورت می توان امید داشت که تمام و دشواری موجود در ارائه راهکارها و شرایط سخت تایپ به پایان رسد وزمان مورد نیاز شامل حروفچینی دستاوردهای اصلی و جوابگوی سوالات پیوسته اهل دنیای موجود طراحی اساسا مورد استفاده قرار گیرد.');

-- --------------------------------------------------------

--
-- Table structure for table `categories`
--

CREATE TABLE `categories` (
  `id` int(11) NOT NULL,
  `name` varchar(100) DEFAULT NULL,
  `created_at` timestamp NULL DEFAULT NULL,
  `updated_at` timestamp NULL DEFAULT NULL,
  `cat_id` varchar(255) DEFAULT NULL
) ENGINE=InnoDB DEFAULT CHARSET=utf8;

--
-- Dumping data for table `categories`
--

INSERT INTO `categories` (`id`, `name`, `created_at`, `updated_at`, `cat_id`) VALUES
(33, 'موبایل های موجود', '2018-07-02 20:23:52', '2018-07-06 02:20:30', '-'),
(34, 'موبایل های صفحه کلیدی', '2018-07-02 20:24:04', '2018-07-04 09:48:13', '39'),
(35, 'موبایل بی دوربین', '2018-07-02 20:49:59', '2018-07-04 09:49:53', '-'),
(37, 'موبایلی های', '2018-07-04 09:35:17', '2018-07-04 09:49:53', '-'),
(40, 'موبایل', '2018-07-04 09:49:26', '2018-07-06 02:20:15', '33'),
(41, 'test', '2018-07-07 02:41:37', '2018-07-07 02:41:37', '-');

-- --------------------------------------------------------

--
-- Table structure for table `comments`
--

CREATE TABLE `comments` (
  `id` int(11) NOT NULL,
  `email` varchar(45) DEFAULT NULL,
  `description` text,
  `product_id` int(11) DEFAULT NULL,
  `name` varchar(45) DEFAULT NULL,
  `comment_id` int(11) DEFAULT NULL,
  `created_at` timestamp NULL DEFAULT NULL,
  `updated_at` timestamp NULL DEFAULT NULL,
  `state` int(5) DEFAULT '0',
  `state1` int(11) NOT NULL DEFAULT '1'
) ENGINE=InnoDB DEFAULT CHARSET=utf8;

--
-- Dumping data for table `comments`
--

INSERT INTO `comments` (`id`, `email`, `description`, `product_id`, `name`, `comment_id`, `created_at`, `updated_at`, `state`, `state1`) VALUES
(1, 'mohsen.mehri6101@gmail.com', 'لورم ایپسوم متن ساختگی با تولید سادگی نامفهوم از صنعت چاپ و با استفاده از طراحان گرافیک است. چاپگرها و متون بلکه روزنامه و مجله در ستون و سطرآنچنان که لازم است و برای شرایط فعلی تکنولوژی مورد نیاز و ک', 145, 'محسن مهری', NULL, '2018-07-06 02:42:03', '2018-07-06 05:43:59', 1, 1),
(2, 'mohsen.mehri6101@gmail.com', 'لورم ایپسوم متن ساختگی با تولید سادگی نامفهوم از صنعت چاپ و با استفاده از طراحان گرافیک است. چاپگرها و متون بلکه روزنامه و مجله در ستون و سطرآنچنان که لازم است و برای شرایط فعلی تکنولوژی مورد نیاز و کاربردهای متنوع با هدف بهبود ابزارهای کاربردی می باشد. کتابهای زیادی در شصت و سه درصد گذشته, حال و آینده شناخت فراوان جامعه و متخصصان را می طلبد تا با نرم افزارها شناخت بیشتری را برای طراحان رایانه ای علی الخصوص طراحان خلاقی و فرهنگ پیشرو در زبان فارس', 145, 'مسعود مهری', NULL, '2018-07-06 05:43:01', '2018-07-06 05:44:01', 1, 1),
(3, 'mohsen.mehri6101@gmail.com', 'لورم ایپسوم متن ساختگی با تولید سادگی نامفهوم از صنعت چاپ و با استفاده از طراحان گرافیک است. چاپگرها و متون بلکه روزنامه و مجله در ستون و سطرآنچنان که لازم است و برای شرایط فعلی تکنولوژی مورد نیاز و کاربردهای متنوع با هدف بهبود ابزارهای کاربردی می باشد. کتابهای زیادی در شصت و سه درصد گذشته, حال و آینده شناخت فراوان جامعه و متخصصان را می طلبد تا با نرم افزارها شناخت بیشتری را برای طراحان رایانه ای علی الخصوص طراحان خلاقی و فرهنگ پیشرو در زبان فارس', 145, 'مجتبی بنایی', NULL, '2018-07-06 05:43:13', '2018-07-06 05:44:17', 1, 1),
(4, 'mohsen.mehri6101@gmail.com', 'لورم ایپسوم متن ساختگی با تولید سادگی نامفهوم از صنعت چاپ و با استفاده از طراحان گرافیک است. چاپگرها و متون بلکه روزنامه و مجله در ستون و سطرآنچنان که لازم است و برای شرایط فعلی تکنولوژی مورد نیاز و کاربردهای متنوع با هدف بهبود ابزارهای کاربردی می باشد. کتابهای زیادی در شصت و سه درصد گذشته, حال و آینده', 145, 'غفار قادری پناه', NULL, '2018-07-06 05:43:31', '2018-07-06 05:44:03', 1, 1),
(5, '-', 'لورم ایپسوم متن ساختگی با تولید سادگی نامفهوم از صنعت چاپ و با استفاده از طراحان گرافیک است. چاپگرها و متون بلکه روزنامه و مجله در ستون و سطرآنچنان که لازم است و برای شرایط فعلی تکنولوژی مورد نیاز و کاربردهای متنوع با هدف بهبود ابزارهای کاربردی می باشد. کتابهای زیادی در شصت و سه درصد گذشته, حال و آینده لورم ایپسوم متن ساختگی با تولید سادگی نامفهوم از صنعت چاپ و با استفاده از طراحان گرافیک است. چاپگرها و متون بلکه روزنامه و مجله در ستون و سطرآنچنان که لازم است و برای شرایط فعلی تکنولوژی مورد نیاز و کاربردهای متنوع با هدف بهبود ابزارهای کاربردی می باشد. کتابهای زیادی در شصت و سه درصد گذشته, حال و آینده', 145, 'مدیر سایت', 4, '2018-07-06 05:44:14', '2018-07-06 05:44:14', 1, 1),
(6, 'mohsen.mehri6101@gmail.com', 'لورم ایپسوم متن ساختگی با تولید سادگی نامفهوم از صنعت چاپ و با استفاده از طراحان گرافیک است. چاپگرها و متون بلکه روزنامه و مجله در ستون و سطرآنچنان که لازم است و برای شرایط فعلی تکنولوژی مورد نیاز و کاربردهای متنوع با هدف بهبود ابزارهای کاربردی می باشد. کتابهای زیادی در شصت و سه درصد گذشته, حال و آینده لورم ایپسوم متن ساختگی با تولید سادگی نامفهوم از صنعت چاپ و با استفاده از طراحان گرافیک است. چاپگرها و متون بلکه روزنامه و مجله در ستون و سطرآنچنان که لازم است و برای شرایط فعلی تکنولوژی مورد نیاز و کاربردهای متنوع با هدف بهبود ابزارهای کاربردی می باشد. کتابهای زیادی در شصت و سه درصد گذشته, حال و آینده', 145, 'محسن مرتضی پور', NULL, '2018-07-06 05:44:56', '2018-07-06 05:45:02', 1, 1),
(7, 'mohsen.mehri6101@gmail.com', 'لورم ایپسوم متن ساختگی با تولید سادگی نامفهوم از صنعت چاپ و با استفاده از طراحان گرافیک است. چاپگرها و متون بلکه روزنامه و مجله در ستون و سطرآنچنان که لازم است و برای شرایط فعلی تکنولوژی مورد نیاز و کاربردهای متنوع با هدف بهبود ابزارهای کاربردی میباشد.', 145, 'احمد عیدی', NULL, '2018-07-06 06:12:47', '2018-07-06 06:12:47', 0, 1),
(8, 'mohsen.mehri6101@gmail.com', 'لورم ایپسوم متن ساختگی با تولید سادگی نامفهوم از صنعت چاپ و با استفاده از طراحان گرافیک است. چاپگرها و متون بلکه روزنامه و مجله در ستون و سطرآنچنان که لازم است و برای شرایط فعلی تکنولوژی مورد نیاز و کاربردهای متنوع با هدف بهبود ابزارهای کاربردی می باشد.لورم ایپسوم متن ساختگی با تولید سادگی نامفهوم از صنعت چاپ و با استفاده از طراحان گرافیک است. چاپگرها و متون بلکه روزنامه و مجله در ستون و سطرآنچنان که لازم است و برای شرایط فعلی تکنولوژی مورد نیاز و کاربردهای متنوع با هدف بهبود ابزارهای کاربردی می باشد.', 145, 'علی محمودی', NULL, '2018-07-06 06:13:01', '2018-07-06 06:13:01', 0, 1),
(9, 'mohsen.mehri6101@gmail.com', 'لورم ایپسوم متن ساختگی با تولید سادگی نامفهوم از صنعت چاپ و با استفاده از طراحان گرافیک است. چاپگرها و متون بلکه روزنامه و مجله در ستون و سطرآنچنان که لازم است و برای شرایط فعلی تکنولوژی مورد نیاز و کاربردهای متنوع با هدف بهبود ابزارهای کاربردی می باشد.لورم ایپسوم متن ساختگی با تولید سادگی نامفهوم از صنعت چاپ و با استفاده از طراحان گرافیک است. چاپگرها و متون بلکه روزنامه و مجله در ستون و سطرآنچنان که لازم است و برای شرایط فعلی تکنولوژی مورد نیاز و کاربردهای متنوع با هدف بهبود ابزارهای کاربردی می باشد.', 145, 'حسین محبتی', NULL, '2018-07-06 06:13:17', '2018-07-06 06:13:17', 0, 1),
(10, 'mohsen.mehri6101@gmail.com', 'لورم ایپسوم متن ساختگی با تولید سادگی نامفهوم از صنعت چاپ و با استفاده از طراحان گرافیک است. چاپگرها و متون بلکه روزنامه و مجله در ستون و سطرآنچنان که لازم است و برای شرایط فعلی تکنولوژی مورد نیاز و کاربردهای متنوع با هدف بهبود ابزارهای کاربردی می باشد.لورم ایپسوم متن ساختگی با تولید سادگی نامفهوم از صنعت چاپ و با استفاده از طراحان گرافیک است. چاپگرها و متون بلکه روزنامه و مجله در ستون و سطرآنچنان که لازم است و برای شرایط فعلی تکنولوژی مورد نیاز و کاربردهای متنوع با هدف بهبود ابزارهای کاربردی می بالورم ایپسوم متن ساختگی با تولید سادگی نامفهوم از صنعت چاپ و با استفاده از طراحان گرافیک است. چاپگرها و متون بلکه روزنامه و مجله در ستون و سطرآنچنان که لازم است و برای شرایط فعلی تکنولوژی مورد نیاز و کاربردهای متنوع با هدف بهبود ابزارهای کاربردی می باشد.', 145, 'معین مرادی', NULL, '2018-07-06 06:13:30', '2018-07-06 06:13:30', 0, 1),
(11, 'mohsen.mehri6101@gmail.com', 'لورم ایپسوم متن ساختگی با تولید سادگی نامفهوم از صنعت چاپ و با استفاده از طراحان گرافیک است. چاپگرها و متون بلکه روزنامه و مجله در ستون و سطرآنچنان که لازم است و برای شرایط فعلی تکنولوژی مورد نیاز و کاربردهای متنوع با هدف بهبود ابزارهای کاربردی می باشد.', NULL, 'محسن مهری', NULL, '2018-07-06 06:13:56', '2018-07-06 06:13:56', 0, 0);

-- --------------------------------------------------------

--
-- Table structure for table `company`
--

CREATE TABLE `company` (
  `id` int(11) NOT NULL,
  `name` varchar(45) NOT NULL,
  `logo` text,
  `description` text,
  `created_at` timestamp NULL DEFAULT NULL,
  `updated_at` timestamp NULL DEFAULT NULL
) ENGINE=InnoDB DEFAULT CHARSET=utf8;

--
-- Dumping data for table `company`
--

INSERT INTO `company` (`id`, `name`, `logo`, `description`, `created_at`, `updated_at`) VALUES
(3, 'samsung', 'company__time_1528067633_tA.jpg', 'لورم ایپسوم متن ساختگی با تولید سادگی نامفهوم از صنعت چاپ و با استفاده از طراحان گرافیک است. چاپگرها و متون بلکه روزنامه و مجله در ستون و سطرآنچنان که لازم است و برای شرایط فعلی تکنولوژی مورد نیاز و کاربردهای متنوع با هدف بهبود ابزارهای کاربردی می باشد. کتابهای زیادی در شصت و سه درصد گذشته، حال و آینده شناخت فراوان جامعه و متخصصان را می طلبد تا با نرم افزارها شناخت بیشتری را برای طراحان رایانه ای علی الخصوص طراحان خلاقی و فرهنگ پیشرو در زبان فارسی ایجاد کرد. در این صورت می توان امید داشت که تمام و دشواری موجود در ارائه راهکارها و شرایط سخت تایپ به پایان رسد وزمان مورد نیاز شامل حروفچینی دستاوردهای اصلی و جوابگوی سوالات پیوسته اهل دنیای موجود طراحی اساسا مورد استفاده قرار گیرد.', '2017-01-16 20:30:00', '2018-06-03 19:08:19'),
(4, 'LG', 'company__time_1528069046_0m.jpg', 'لورم ایپسوم متن ساختگی با تولید سادگی نامفهوم از صنعت چاپ و با استفاده از طراحان گرافیک است. چاپگرها و متون بلکه روزنامه و مجله در ستون و سطرآنچنان که لازم است و برای شرایط فعلی تکنولوژی مود در ارائه راهکارها و شرایط سخت تایپ به پایان رسد وزمان مورد نیاز شامل حروفچینی دستاوردهای اصلی و جوابگوی سوالات پیوسته اهل دنیای موجود طراحی اساسا مورد استفاده قرار گیرد.', '2018-06-05 19:30:00', '2018-06-03 19:07:40'),
(5, 'sony', 'company__time_1528069014_OC.png', 'لورم ایپسوم متن ساختگی با تولید سادگی نامفهوم از صنعت چاپ و با استفاده از طراحان گرافیک است. چاپگرها و متون بلکه روزنامه و مجله در ستون و سطرآنچنان که لازم است و برای شرایط فعلی تکنولوژی مورد نیاز و کاربردهای متنوع با هدف بهبود ابزارهای کاربردی می باشد. کتابهای زیادی در شصت و سه درصد گذشته، حال و آینده شناخت فراوان جامعه و متخصصان را می طلبد تا با نرم افزارها شناخت بیشتری را برای طراحان رایانه ای علی الخصوص طراحان خلاقی و فرهنگ پیشرو در زبان فارسی ایجاد کرد. در این صورت می توان امید داشت که تمام و دشواری موجود در ارائه راهکارها و شرایط سخت تایپ به پایان رسد وزمان مورد نیاز شامل حروفچینی دستاوردهای اصلی و جوابگوی سوالات پیوسته اهل دنیای موجود طراحی اساسا مورد استفاده قرار گیرد.', '2018-05-08 19:30:00', '2018-06-03 19:08:04'),
(18, 'motrella', 'company__time_1528068985_KN.png', 'لورم ایپسوم متن ساختگی با تولید سادگی نامفهوم از صنعت چاپ و با استفاده از طراحان گرافیک است. چاپگرها و متون بلکه روزنامه و مجله در ستون و سطرآنچنان که لازم است و برای شرایط فعلی تکنولوژی مورد نیاز و کاربردهای متنوع با هدف بهبود ابزارهای کاربردی می باشد. کتابهای زیادی در شصت و سه درصد گذشته، حال و آینده شناخت فراوان جامعه و متخصصان را می طلبد تا با نرم افزارها شناخت بیشتری را برای طراحان رایانه ای علی الخصوص طراحان خلاقی و فرهنگ پیشرو در زبان فارسی ایجاد کرد. در این صورت می توان امید داشت که تمام و دشواری موجود در ارائه راهکارها و شرایط سخت تایپ به پایان رسد وزمان مورد نیاز شامل حروفچینی دستاوردهای اصلی و جوابگوی سوالات پیوسته اهل دنیای موجود طراحی اساسا مورد استفاده قرار گیرد.', '2018-06-03 17:47:31', '2018-06-03 19:06:37'),
(19, 'apple', 'company__time_1528085078_tX.jpg', 'اپل شرکتی است که استیون جابز موسس او بوده است و میتوان گفت از بهترین ها میباشد. بنده بالشخصه از اون زیاد خوشم نمیاد اما مرد بزرگی است . اما بگم برنامه نویس نبود', '2018-06-03 23:34:39', '2018-06-23 06:38:19');

-- --------------------------------------------------------

--
-- Table structure for table `images`
--

CREATE TABLE `images` (
  `id` int(11) NOT NULL,
  `img` varchar(150) DEFAULT NULL,
  `title` varchar(45) DEFAULT NULL,
  `created_at` timestamp NULL DEFAULT NULL,
  `updated_at` timestamp NULL DEFAULT NULL,
  `product_id` int(11) NOT NULL
) ENGINE=InnoDB DEFAULT CHARSET=utf8;

--
-- Dumping data for table `images`
--

INSERT INTO `images` (`id`, `img`, `title`, `created_at`, `updated_at`, `product_id`) VALUES
(203, 'product___time_1528048491_XBD.jpg', '112', '2018-06-03 13:24:51', '2018-06-03 13:24:51', 112),
(204, 'product___time_1528048511_mI7.jpg', '112', '2018-06-03 13:25:11', '2018-06-03 13:25:11', 112),
(224, 'product_time_1528467109_Xhd.jpg', '114', '2018-06-08 09:41:49', '2018-06-08 09:41:49', 114),
(235, 'product_time_1530579615_nVR.png', 'کالای اول', '2018-07-02 20:30:15', '2018-07-02 20:30:15', 121),
(236, 'product_time_1530579615_uXy.png', 'کالای اول', '2018-07-02 20:30:15', '2018-07-02 20:30:15', 121),
(237, 'product_time_1530579615_Nfa.jpg', 'کالای اول', '2018-07-02 20:30:15', '2018-07-02 20:30:15', 121),
(238, 'product_time_1530579615_7wh.jpg', 'کالای اول', '2018-07-02 20:30:15', '2018-07-02 20:30:15', 121),
(239, 'product_time_1530579644_LMP.jpg', 'کالای دوم', '2018-07-02 20:30:44', '2018-07-02 20:30:44', 122),
(240, 'product_time_1530579644_Owa.jpg', 'کالای دوم', '2018-07-02 20:30:44', '2018-07-02 20:30:44', 122),
(241, 'product_time_1530579644_3tA.png', 'کالای دوم', '2018-07-02 20:30:44', '2018-07-02 20:30:44', 122),
(242, 'product_time_1530579644_bte.png', 'کالای دوم', '2018-07-02 20:30:44', '2018-07-02 20:30:44', 122),
(243, 'product_time_1530579671_5T4.jpg', 'کالای سوم', '2018-07-02 20:31:11', '2018-07-02 20:31:11', 123),
(244, 'product_time_1530579671_pjY.jpg', 'کالای سوم', '2018-07-02 20:31:11', '2018-07-02 20:31:11', 123),
(245, 'product_time_1530579671_3IW.png', 'کالای سوم', '2018-07-02 20:31:11', '2018-07-02 20:31:11', 123),
(246, 'product_time_1530579671_x9d.png', 'کالای سوم', '2018-07-02 20:31:11', '2018-07-02 20:31:11', 123),
(247, 'product_time_1530579692_jUL.jpg', 'کالای چهارم', '2018-07-02 20:31:32', '2018-07-02 20:31:32', 124),
(248, 'product_time_1530579692_ctm.jpg', 'کالای چهارم', '2018-07-02 20:31:32', '2018-07-02 20:31:32', 124),
(249, 'product_time_1530579692_Q0g.png', 'کالای چهارم', '2018-07-02 20:31:32', '2018-07-02 20:31:32', 124),
(250, 'product_time_1530579692_nAZ.png', 'کالای چهارم', '2018-07-02 20:31:32', '2018-07-02 20:31:32', 124),
(257, 'product_time_1530579746_XbU.png', 'کالای ششم', '2018-07-02 20:32:26', '2018-07-02 20:32:26', 126),
(258, 'product_time_1530579746_3wL.png', 'کالای ششم', '2018-07-02 20:32:26', '2018-07-02 20:32:26', 126),
(259, 'product_time_1530579770_2gd.jpg', 'کالایه هفتم', '2018-07-02 20:32:50', '2018-07-02 20:32:50', 127),
(260, 'product_time_1530579770_C7N.jpg', 'کالایه هفتم', '2018-07-02 20:32:50', '2018-07-02 20:32:50', 127),
(261, 'product_time_1530579770_1Bi.png', 'کالایه هفتم', '2018-07-02 20:32:50', '2018-07-02 20:32:50', 127),
(262, 'product_time_1530579770_xup.png', 'کالایه هفتم', '2018-07-02 20:32:50', '2018-07-02 20:32:50', 127),
(263, 'product_time_1530579795_NP7.jpg', 'کالایه هشتم', '2018-07-02 20:33:15', '2018-07-02 20:33:15', 128),
(264, 'product_time_1530579795_79O.jpg', 'کالایه هشتم', '2018-07-02 20:33:15', '2018-07-02 20:33:15', 128),
(265, 'product_time_1530579796_v2U.png', 'کالایه هشتم', '2018-07-02 20:33:16', '2018-07-02 20:33:16', 128),
(266, 'product_time_1530579796_fpW.png', 'کالایه هشتم', '2018-07-02 20:33:16', '2018-07-02 20:33:16', 128),
(271, 'product_time_1530579848_IlY.jpg', 'کالای دهم', '2018-07-02 20:34:08', '2018-07-02 20:34:08', 130),
(272, 'product_time_1530579848_BAA.jpg', 'کالای دهم', '2018-07-02 20:34:08', '2018-07-02 20:34:08', 130),
(273, 'product_time_1530579848_SBE.jpg', 'کالای دهم', '2018-07-02 20:34:08', '2018-07-02 20:34:08', 130),
(274, 'product_time_1530579848_U2n.jpg', 'کالای دهم', '2018-07-02 20:34:08', '2018-07-02 20:34:08', 130),
(275, 'product_time_1530579848_PB8.png', 'کالای دهم', '2018-07-02 20:34:08', '2018-07-02 20:34:08', 130),
(276, 'product_time_1530579848_aCz.png', 'کالای دهم', '2018-07-02 20:34:08', '2018-07-02 20:34:08', 130),
(277, 'product_time_1530579865_kL6.jpg', 'کالای یازدهم', '2018-07-02 20:34:25', '2018-07-02 20:34:25', 131),
(278, 'product_time_1530579865_vNd.jpg', 'کالای یازدهم', '2018-07-02 20:34:25', '2018-07-02 20:34:25', 131),
(279, 'product_time_1530579865_FOM.jpg', 'کالای یازدهم', '2018-07-02 20:34:25', '2018-07-02 20:34:25', 131),
(280, 'product_time_1530579865_dTH.jpg', 'کالای یازدهم', '2018-07-02 20:34:25', '2018-07-02 20:34:25', 131),
(281, 'product_time_1530579865_hhF.png', 'کالای یازدهم', '2018-07-02 20:34:25', '2018-07-02 20:34:25', 131),
(282, 'product_time_1530579865_tkr.png', 'کالای یازدهم', '2018-07-02 20:34:25', '2018-07-02 20:34:25', 131),
(287, 'product_time_1530579880_9n4.png', 'کالای دوازدهم', '2018-07-02 20:34:40', '2018-07-02 20:34:40', 132),
(288, 'product_time_1530579880_Ewz.png', 'کالای دوازدهم', '2018-07-02 20:34:40', '2018-07-02 20:34:40', 132),
(289, 'product_time_1530579908_nqD.jpg', 'کالای سیزدهم', '2018-07-02 20:35:08', '2018-07-02 20:35:08', 133),
(290, 'product_time_1530579908_hVb.jpg', 'کالای سیزدهم', '2018-07-02 20:35:08', '2018-07-02 20:35:08', 133),
(291, 'product_time_1530579908_kFp.jpg', 'کالای سیزدهم', '2018-07-02 20:35:08', '2018-07-02 20:35:08', 133),
(292, 'product_time_1530579908_ujW.jpg', 'کالای سیزدهم', '2018-07-02 20:35:08', '2018-07-02 20:35:08', 133),
(293, 'product_time_1530579908_zES.png', 'کالای سیزدهم', '2018-07-02 20:35:08', '2018-07-02 20:35:08', 133),
(294, 'product_time_1530579908_M5s.png', 'کالای سیزدهم', '2018-07-02 20:35:08', '2018-07-02 20:35:08', 133),
(299, 'product_time_1530579965_qmq.png', 'کالای چهاردهم', '2018-07-02 20:36:05', '2018-07-02 20:36:05', 134),
(313, 'product_time_1530858856_XPM.jpg', 'phone-lg', '2018-07-06 02:04:16', '2018-07-06 02:04:16', 142),
(314, 'product_time_1530858856_ot7.jpg', 'phone-lg', '2018-07-06 02:04:16', '2018-07-06 02:04:16', 142),
(315, 'product_time_1530858856_eew.jpg', 'phone-lg', '2018-07-06 02:04:16', '2018-07-06 02:04:16', 142),
(316, 'product_time_1530858884_WmU.jpg', 'موسی', '2018-07-06 02:04:44', '2018-07-06 02:04:44', 141),
(317, 'product_time_1530858884_8gF.jpg', 'موسی', '2018-07-06 02:04:44', '2018-07-06 02:04:44', 141),
(318, 'product_time_1530858884_Typ.jpg', 'موسی', '2018-07-06 02:04:44', '2018-07-06 02:04:44', 141),
(319, 'product_time_1530858936_1Eq.jpg', 'کالای چهاردهم', '2018-07-06 02:05:36', '2018-07-06 02:05:36', 134),
(320, 'product_time_1530858936_qwc.jpg', 'کالای چهاردهم', '2018-07-06 02:05:36', '2018-07-06 02:05:36', 134),
(321, 'product_time_1530858936_XQh.jpg', 'کالای چهاردهم', '2018-07-06 02:05:36', '2018-07-06 02:05:36', 134),
(322, 'product_time_1530858961_xNk.jpg', 'کالای دوازدهم', '2018-07-06 02:06:02', '2018-07-06 02:06:02', 132),
(323, 'product_time_1530858962_Nqc.jpg', 'کالای دوازدهم', '2018-07-06 02:06:02', '2018-07-06 02:06:02', 132),
(324, 'product_time_1530858962_c21.jpg', 'کالای دوازدهم', '2018-07-06 02:06:02', '2018-07-06 02:06:02', 132),
(325, 'product_time_1530859005_sdE.jpg', 'کالایه نهم', '2018-07-06 02:06:45', '2018-07-06 02:06:45', 129),
(326, 'product_time_1530859005_gyG.jpg', 'کالایه نهم', '2018-07-06 02:06:45', '2018-07-06 02:06:45', 129),
(327, 'product_time_1530859005_dm3.jpg', 'کالایه نهم', '2018-07-06 02:06:45', '2018-07-06 02:06:45', 129),
(328, 'product_time_1530859022_5vq.jpg', 'کالای ششم', '2018-07-06 02:07:02', '2018-07-06 02:07:02', 126),
(329, 'product_time_1530859022_lln.jpg', 'کالای ششم', '2018-07-06 02:07:02', '2018-07-06 02:07:02', 126),
(330, 'product_time_1530859022_hGk.jpg', 'کالای ششم', '2018-07-06 02:07:02', '2018-07-06 02:07:02', 126),
(331, 'product_time_1530859052_ypj.jpg', 'کالای پنجم', '2018-07-06 02:07:32', '2018-07-06 02:07:32', 125),
(332, 'product_time_1530859052_PEN.jpg', 'کالای پنجم', '2018-07-06 02:07:32', '2018-07-06 02:07:32', 125),
(333, 'product_time_1530859052_MwA.jpg', 'کالای پنجم', '2018-07-06 02:07:32', '2018-07-06 02:07:32', 125),
(334, 'product_time_1530859229_jf4.jpg', 'phone-samsun', '2018-07-06 02:10:29', '2018-07-06 02:10:29', 143),
(335, 'product_time_1530859229_3lc.jpg', 'phone-samsun', '2018-07-06 02:10:29', '2018-07-06 02:10:29', 143),
(336, 'product_time_1530859229_JH8.jpg', 'phone-samsun', '2018-07-06 02:10:29', '2018-07-06 02:10:29', 143),
(337, 'product_time_1530859230_MVI.jpg', 'phone-samsun', '2018-07-06 02:10:30', '2018-07-06 02:10:30', 144),
(338, 'product_time_1530859230_Mb1.jpg', 'phone-samsun', '2018-07-06 02:10:30', '2018-07-06 02:10:30', 144),
(339, 'product_time_1530859230_7iF.jpg', 'phone-samsun', '2018-07-06 02:10:30', '2018-07-06 02:10:30', 144),
(340, 'product_time_1530859320_L5q.jpg', 'phone-apple', '2018-07-06 02:12:00', '2018-07-06 02:12:00', 145),
(341, 'product_time_1530859320_8QO.jpg', 'phone-apple', '2018-07-06 02:12:00', '2018-07-06 02:12:00', 145),
(342, 'product_time_1530859320_Iql.jpg', 'phone-apple', '2018-07-06 02:12:00', '2018-07-06 02:12:00', 145);

-- --------------------------------------------------------

--
-- Table structure for table `likes`
--

CREATE TABLE `likes` (
  `id` int(11) NOT NULL,
  `comment_id` int(10) NOT NULL DEFAULT '0',
  `ip` text NOT NULL,
  `product_id` int(10) NOT NULL,
  `sate` int(10) NOT NULL DEFAULT '0'
) ENGINE=InnoDB DEFAULT CHARSET=utf8;

-- --------------------------------------------------------

--
-- Table structure for table `migrations`
--

CREATE TABLE `migrations` (
  `id` int(10) UNSIGNED NOT NULL,
  `migration` varchar(255) COLLATE utf8mb4_unicode_ci NOT NULL,
  `batch` int(11) NOT NULL
) ENGINE=InnoDB DEFAULT CHARSET=utf8mb4 COLLATE=utf8mb4_unicode_ci;

-- --------------------------------------------------------

--
-- Table structure for table `orders`
--

CREATE TABLE `orders` (
  `id` int(11) NOT NULL,
  `created_at` timestamp NULL DEFAULT NULL,
  `updated_at` timestamp NULL DEFAULT NULL,
  `name` varchar(255) DEFAULT NULL,
  `email` varchar(255) DEFAULT NULL,
  `phone` varchar(255) DEFAULT NULL,
  `address` varchar(255) DEFAULT NULL
) ENGINE=InnoDB DEFAULT CHARSET=utf8;

--
-- Dumping data for table `orders`
--

INSERT INTO `orders` (`id`, `created_at`, `updated_at`, `name`, `email`, `phone`, `address`) VALUES
(4, '2018-07-05 04:43:34', '2018-07-05 04:43:34', 'محسن مهری', 'mohsen.mehri6101@gmail.com', '093666246101', 'خایابان'),
(5, '2018-07-05 04:45:46', '2018-07-05 04:45:46', 'غفاری قادری پناه', 'mohsen.mehri6101@gmail.com', '093666246101', 'شهرستان دهدشت');

-- --------------------------------------------------------

--
-- Table structure for table `prices`
--

CREATE TABLE `prices` (
  `id` int(11) NOT NULL,
  `price` varchar(45) DEFAULT NULL,
  `product_id` int(11) NOT NULL,
  `created_at` timestamp NULL DEFAULT NULL,
  `updated_at` timestamp NULL DEFAULT NULL
) ENGINE=InnoDB DEFAULT CHARSET=utf8;

--
-- Dumping data for table `prices`
--

INSERT INTO `prices` (`id`, `price`, `product_id`, `created_at`, `updated_at`) VALUES
(69, '3', 112, '2018-06-03 07:31:36', '2018-06-03 07:31:36'),
(70, '2123133', 112, '2018-06-03 07:50:50', '2018-06-03 07:50:50'),
(71, '123456789', 112, '2018-06-03 07:51:03', '2018-06-03 07:51:03'),
(72, '900000', 112, '2018-06-03 07:51:21', '2018-06-03 07:51:21'),
(73, '10', 112, '2018-06-03 07:51:30', '2018-06-03 07:51:30'),
(75, '3211', 112, '2018-06-03 07:54:02', '2018-06-03 07:54:02'),
(76, '75', 112, '2018-06-03 08:14:51', '2018-06-03 08:14:51'),
(77, '76', 112, '2018-06-03 13:17:52', '2018-06-03 13:17:52'),
(78, '77', 112, '2018-06-03 13:18:17', '2018-06-03 13:18:17'),
(79, '78', 112, '2018-06-03 13:24:51', '2018-06-03 13:24:51'),
(80, '79', 112, '2018-06-03 13:25:11', '2018-06-03 13:25:11'),
(82, '80', 112, '2018-06-03 14:12:56', '2018-06-03 14:12:56'),
(84, '82', 112, '2018-06-03 14:19:55', '2018-06-03 14:19:55'),
(85, '84', 112, '2018-06-03 14:48:54', '2018-06-03 14:48:54'),
(87, '88', 114, '2018-06-03 16:29:51', '2018-06-03 16:29:51'),
(88, '87', 114, '2018-06-03 21:12:42', '2018-06-03 21:12:42'),
(89, '85', 112, '2018-06-03 21:12:55', '2018-06-03 21:12:55'),
(90, '89', 112, '2018-06-03 21:13:52', '2018-06-03 21:13:52'),
(93, '90', 112, '2018-06-03 21:15:39', '2018-06-03 21:15:39'),
(94, '93', 112, '2018-06-03 21:16:13', '2018-06-03 21:16:13'),
(95, '94', 112, '2018-06-04 06:51:08', '2018-06-04 06:51:08'),
(114, '88', 114, '2018-06-05 06:45:47', '2018-06-05 06:45:47'),
(115, '114', 114, '2018-06-05 06:46:13', '2018-06-05 06:46:13'),
(118, '95', 112, '2018-06-06 13:38:03', '2018-06-06 13:38:03'),
(139, '115', 114, '2018-06-07 20:56:30', '2018-06-07 20:56:30'),
(144, '139', 114, '2018-06-08 09:41:49', '2018-06-08 09:41:49'),
(145, '87555500', 112, '2018-06-08 09:42:09', '2018-06-08 09:42:09'),
(158, '12300', 121, '2018-07-02 20:30:15', '2018-07-02 20:30:15'),
(159, '12300', 122, '2018-07-02 20:30:44', '2018-07-02 20:30:44'),
(160, '7700', 123, '2018-07-02 20:31:11', '2018-07-02 20:31:11'),
(161, '8800', 124, '2018-07-02 20:31:32', '2018-07-02 20:31:32'),
(162, '9900', 125, '2018-07-02 20:31:54', '2018-07-02 20:31:54'),
(163, '2250000', 126, '2018-07-02 20:32:26', '2018-07-02 20:32:26'),
(164, '85500000', 127, '2018-07-02 20:32:50', '2018-07-02 20:32:50'),
(165, '87500000', 128, '2018-07-02 20:33:16', '2018-07-02 20:33:16'),
(166, '5646890123', 129, '2018-07-02 20:33:39', '2018-07-02 20:33:39'),
(167, '4500000', 130, '2018-07-02 20:34:08', '2018-07-02 20:34:08'),
(168, '7800000', 131, '2018-07-02 20:34:25', '2018-07-02 20:34:25'),
(169, '7800000', 132, '2018-07-02 20:34:41', '2018-07-02 20:34:41'),
(170, '14560000', 133, '2018-07-02 20:35:08', '2018-07-02 20:35:08'),
(171, '9840000', 134, '2018-07-02 20:36:05', '2018-07-02 20:36:05'),
(180, '9840000', 134, '2018-07-02 23:56:09', '2018-07-02 23:56:09'),
(181, '4566', 141, '2018-07-04 09:52:03', '2018-07-04 09:52:03'),
(182, '33800', 142, '2018-07-06 02:04:16', '2018-07-06 02:04:16'),
(183, '4566', 141, '2018-07-06 02:04:44', '2018-07-06 02:04:44'),
(184, '4566', 141, '2018-07-06 02:05:03', '2018-07-06 02:05:03'),
(185, '9840000', 134, '2018-07-06 02:05:36', '2018-07-06 02:05:36'),
(186, '7800000', 132, '2018-07-06 02:06:02', '2018-07-06 02:06:02'),
(187, '5646890123', 129, '2018-07-06 02:06:45', '2018-07-06 02:06:45'),
(188, '2250000', 126, '2018-07-06 02:07:02', '2018-07-06 02:07:02'),
(189, '9900', 125, '2018-07-06 02:07:32', '2018-07-06 02:07:32'),
(190, '839600', 143, '2018-07-06 02:10:29', '2018-07-06 02:10:29'),
(191, '839600', 144, '2018-07-06 02:10:30', '2018-07-06 02:10:30'),
(192, '3444444', 145, '2018-07-06 02:12:00', '2018-07-06 02:12:00');

-- --------------------------------------------------------

--
-- Table structure for table `products`
--

CREATE TABLE `products` (
  `id` int(11) NOT NULL,
  `name` varchar(45) DEFAULT NULL,
  `description` text,
  `description_` varchar(255) DEFAULT NULL,
  `seen` int(11) DEFAULT '0',
  `orde` int(11) DEFAULT '0',
  `state` varchar(45) DEFAULT NULL,
  `created_at` timestamp NULL DEFAULT NULL,
  `updated_at` timestamp NULL DEFAULT NULL,
  `tag` text,
  `company_id` int(11) NOT NULL,
  `img` varchar(255) DEFAULT NULL,
  `modality` varchar(255) DEFAULT '-',
  `camera` varchar(255) DEFAULT '-',
  `battery` varchar(255) DEFAULT '-',
  `internet` varchar(255) DEFAULT '-'
) ENGINE=InnoDB DEFAULT CHARSET=utf8;

--
-- Dumping data for table `products`
--

INSERT INTO `products` (`id`, `name`, `description`, `description_`, `seen`, `orde`, `state`, `created_at`, `updated_at`, `tag`, `company_id`, `img`, `modality`, `camera`, `battery`, `internet`) VALUES
(121, 'کالای اول', '<p style=\"text-align:right\">لورم ایپسوم متن ساختگی با تولید سادگی نامفهوم از صنعت چاپ و با استفاده از طراحان گرافیک است. چاپگرها و متون بلکه روزنامه و مجله در ستون و سطرآنچنان که لازم است و برای شرایط فعلی تکنولوژی مورد نیاز و کاربردهای متنوع با هدف بهبود ابزارهای کاربردی می باشد. کتابهای زیادی در شصت و سه درصد گذشته, حال و آینده شناخت فراوان جامعه و متخصصان را می طلبد تا با نرم افزارها شناخت بیشتری را برای طراحان رایانه ای علی الخصوص طراحان خلاقی و فرهنگ پیشرو در زبان فارسی ایجاد کرد. در این صورت می توان امید داشت که تمام و دشواری موجود در ارائه راهکارها و شرایط سخت تایپ به پایان رسد وزمان مورد نیاز شامل حروفچینی دستاوردهای اصلی و جوابگوی سوالات پیوسته اهل دنیای موجود طراحی اساسا مورد استفاده قرار گیرد.لورم ایپسوم متن ساختگی با تولید سادگی نامفهوم از صنعت چاپ و با استفاده از طراحان گرافیک است. چاپگرها و متون بلکه روزنامه و مجله در ستون و سطرآنچنان که لازم است و برای شرایط فعلی تکنولوژی مورد نیاز و کاربردهای متنوع با هدف بهبود ابزارهای کاربردی می باشد. کتابهای زیادی در شصت و سه درصد گذشته, حال و آینده شناخت فراوان جامعه و متخصصان را می طلبد تا با نرم افزارها شناخت بیشتری را برای طراحان رایانه ای علی الخصوص طراحان خلاقی و فرهنگ پیشرو در زبان فارسی ایجاد کرد. در این صورت می توان امید داشت که تمام و دشواری موجود در ارائه راهکارها و شرایط سخت تایپ به پایان رسد وزمان مورد نیاز شامل حروفچینی دستاوردهای اصلی و جوابگوی سوالات پیوسته اهل دنیای موجود طراحی اساسا مورد استفاده قرار گیرد.لورم ایپسوم متن ساختگی با تولید سادگی نامفهوم از صنعت چاپ و با استفاده از طراحان گرافیک است. چاپگرها و متون بلکه روزنامه و مجله در ستون و سطرآنچنان که لازم است و برای شرایط فعلی تکنولوژی مورد نیاز و کاربردهای متنوع با هدف بهبود ابزارهای کاربردی می باشد. کتابهای زیادی در شصت و سه درصد گذشته, حال و آینده شناخت فراوان جامعه و متخصصان را می طلبد تا با نرم افزارها شناخت بیشتری را برای طراحان رایانه ای علی الخصوص طراحان خلاقی و فرهنگ پیشرو در زبان فارسی ایجاد کرد. در این صورت می توان امید داشت که تمام و دشواری موجود در ارائه راهکارها و شرایط سخت تایپ به پایان رسد وزمان مورد نیاز شامل حروفچینی دستاوردهای اصلی و جوابگوی سوالات پیوسته اهل دنیای موجود طراحی اساسا مورد استفاده قرار گیرد.</p>', 'لورم ایپسوم متن ساختگی با تولید سادگی نامفهوم از صنعت چاپ و با استفاده از طراحان گرافیک است. چاپگرها و متون بلکه روزنامه و مجله در ستون و سطرآنچنان که لازم است و برای شرایط فعلی تکنولوژی مورد نیاز و ک', 2, 0, NULL, '2018-07-02 20:30:15', '2018-07-07 02:42:18', 'phone-mobile-گوشی-گوشی موبایل', 3, NULL, '300 * 400', '12px', '10000ma', 'swa'),
(122, 'کالای دوم', '<p style=\"text-align:right\">لورم ایپسوم متن ساختگی با تولید سادگی نامفهوم از صنعت چاپ و با استفاده از طراحان گرافیک است. چاپگرها و متون بلکه روزنامه و مجله در ستون و سطرآنچنان که لازم است و برای شرایط فعلی تکنولوژی مورد نیاز و کاربردهای متنوع با هدف بهبود ابزارهای کاربردی می باشد. کتابهای زیادی در شصت و سه درصد گذشته, حال و آینده شناخت فراوان جامعه و متخصصان را می طلبد تا با نرم افزارها شناخت بیشتری را برای طراحان رایانه ای علی الخصوص طراحان خلاقی و فرهنگ پیشرو در زبان فارسی ایجاد کرد. در این صورت می توان امید داشت که تمام و دشواری موجود در ارائه راهکارها و شرایط سخت تایپ به پایان رسد وزمان مورد نیاز شامل حروفچینی دستاوردهای اصلی و جوابگوی سوالات پیوسته اهل دنیای موجود طراحی اساسا مورد استفاده قرار گیرد.لورم ایپسوم متن ساختگی با تولید سادگی نامفهوم از صنعت چاپ و با استفاده از طراحان گرافیک است. چاپگرها و متون بلکه روزنامه و مجله در ستون و سطرآنچنان که لازم است و برای شرایط فعلی تکنولوژی مورد نیاز و کاربردهای متنوع با هدف بهبود ابزارهای کاربردی می باشد. کتابهای زیادی در شصت و سه درصد گذشته, حال و آینده شناخت فراوان جامعه و متخصصان را می طلبد تا با نرم افزارها شناخت بیشتری را برای طراحان رایانه ای علی الخصوص طراحان خلاقی و فرهنگ پیشرو در زبان فارسی ایجاد کرد. در این صورت می توان امید داشت که تمام و دشواری موجود در ارائه راهکارها و شرایط سخت تایپ به پایان رسد وزمان مورد نیاز شامل حروفچینی دستاوردهای اصلی و جوابگوی سوالات پیوسته اهل دنیای موجود طراحی اساسا مورد استفاده قرار گیرد.لورم ایپسوم متن ساختگی با تولید سادگی نامفهوم از صنعت چاپ و با استفاده از طراحان گرافیک است. چاپگرها و متون بلکه روزنامه و مجله در ستون و سطرآنچنان که لازم است و برای شرایط فعلی تکنولوژی مورد نیاز و کاربردهای متنوع با هدف بهبود ابزارهای کاربردی می باشد. کتابهای زیادی در شصت و سه درصد گذشته, حال و آینده شناخت فراوان جامعه و متخصصان را می طلبد تا با نرم افزارها شناخت بیشتری را برای طراحان رایانه ای علی الخصوص طراحان خلاقی و فرهنگ پیشرو در زبان فارسی ایجاد کرد. در این صورت می توان امید داشت که تمام و دشواری موجود در ارائه راهکارها و شرایط سخت تایپ به پایان رسد وزمان مورد نیاز شامل حروفچینی دستاوردهای اصلی و جوابگوی سوالات پیوسته اهل دنیای موجود طراحی اساسا مورد استفاده قرار گیرد.</p>', 'لورم ایپسوم متن ساختگی با تولید سادگی نامفهوم از صنعت چاپ و با استفاده از طراحان گرافیک است. چاپگرها و متون بلکه روزنامه و مجله در ستون و سطرآنچنان که لازم است و برای شرایط فعلی تکنولوژی مورد نیاز و ک', 0, 0, NULL, '2018-07-02 20:30:44', '2018-07-02 20:30:44', 'phone-mobile-گوشی-گوشی موبایل', 18, NULL, '8000 * 10000', '27px', '3000amper', 'iji'),
(123, 'کالای سوم', '<p style=\"text-align:right\">لورم ایپسوم متن ساختگی با تولید سادگی نامفهوم از صنعت چاپ و با استفاده از طراحان گرافیک است. چاپگرها و متون بلکه روزنامه و مجله در ستون و سطرآنچنان که لازم است و برای شرایط فعلی تکنولوژی مورد نیاز و کاربردهای متنوع با هدف بهبود ابزارهای کاربردی می باشد. کتابهای زیادی در شصت و سه درصد گذشته, حال و آینده شناخت فراوان جامعه و متخصصان را می طلبد تا با نرم افزارها شناخت بیشتری را برای طراحان رایانه ای علی الخصوص طراحان خلاقی و فرهنگ پیشرو در زبان فارسی ایجاد کرد. در این صورت می توان امید داشت که تمام و دشواری موجود در ارائه راهکارها و شرایط سخت تایپ به پایان رسد وزمان مورد نیاز شامل حروفچینی دستاوردهای اصلی و جوابگوی سوالات پیوسته اهل دنیای موجود طراحی اساسا مورد استفاده قرار گیرد.لورم ایپسوم متن ساختگی با تولید سادگی نامفهوم از صنعت چاپ و با استفاده از طراحان گرافیک است. چاپگرها و متون بلکه روزنامه و مجله در ستون و سطرآنچنان که لازم است و برای شرایط فعلی تکنولوژی مورد نیاز و کاربردهای متنوع با هدف بهبود ابزارهای کاربردی می باشد. کتابهای زیادی در شصت و سه درصد گذشته, حال و آینده شناخت فراوان جامعه و متخصصان را می طلبد تا با نرم افزارها شناخت بیشتری را برای طراحان رایانه ای علی الخصوص طراحان خلاقی و فرهنگ پیشرو در زبان فارسی ایجاد کرد. در این صورت می توان امید داشت که تمام و دشواری موجود در ارائه راهکارها و شرایط سخت تایپ به پایان رسد وزمان مورد نیاز شامل حروفچینی دستاوردهای اصلی و جوابگوی سوالات پیوسته اهل دنیای موجود طراحی اساسا مورد استفاده قرار گیرد.لورم ایپسوم متن ساختگی با تولید سادگی نامفهوم از صنعت چاپ و با استفاده از طراحان گرافیک است. چاپگرها و متون بلکه روزنامه و مجله در ستون و سطرآنچنان که لازم است و برای شرایط فعلی تکنولوژی مورد نیاز و کاربردهای متنوع با هدف بهبود ابزارهای کاربردی می باشد. کتابهای زیادی در شصت و سه درصد گذشته, حال و آینده شناخت فراوان جامعه و متخصصان را می طلبد تا با نرم افزارها شناخت بیشتری را برای طراحان رایانه ای علی الخصوص طراحان خلاقی و فرهنگ پیشرو در زبان فارسی ایجاد کرد. در این صورت می توان امید داشت که تمام و دشواری موجود در ارائه راهکارها و شرایط سخت تایپ به پایان رسد وزمان مورد نیاز شامل حروفچینی دستاوردهای اصلی و جوابگوی سوالات پیوسته اهل دنیای موجود طراحی اساسا مورد استفاده قرار گیرد.</p>', 'لورم ایپسوم متن ساختگی با تولید سادگی نامفهوم از صنعت چاپ و با استفاده از طراحان گرافیک است. چاپگرها و متون بلکه روزنامه و مجله در ستون و سطرآنچنان که لازم است و برای شرایط فعلی تکنولوژی مورد نیاز و ک', 13, 0, NULL, '2018-07-02 20:31:11', '2018-07-03 08:42:24', 'phone-mobile-گوشی-گوشی موبایل', 19, NULL, '7444*666', '0px', '12000am', 'wif'),
(124, 'کالای چهارم', '<p style=\"text-align:right\">لورم ایپسوم متن ساختگی با تولید سادگی نامفهوم از صنعت چاپ و با استفاده از طراحان گرافیک است. چاپگرها و متون بلکه روزنامه و مجله در ستون و سطرآنچنان که لازم است و برای شرایط فعلی تکنولوژی مورد نیاز و کاربردهای متنوع با هدف بهبود ابزارهای کاربردی می باشد. کتابهای زیادی در شصت و سه درصد گذشته, حال و آینده شناخت فراوان جامعه و متخصصان را می طلبد تا با نرم افزارها شناخت بیشتری را برای طراحان رایانه ای علی الخصوص طراحان خلاقی و فرهنگ پیشرو در زبان فارسی ایجاد کرد. در این صورت می توان امید داشت که تمام و دشواری موجود در ارائه راهکارها و شرایط سخت تایپ به پایان رسد وزمان مورد نیاز شامل حروفچینی دستاوردهای اصلی و جوابگوی سوالات پیوسته اهل دنیای موجود طراحی اساسا مورد استفاده قرار گیرد.لورم ایپسوم متن ساختگی با تولید سادگی نامفهوم از صنعت چاپ و با استفاده از طراحان گرافیک است. چاپگرها و متون بلکه روزنامه و مجله در ستون و سطرآنچنان که لازم است و برای شرایط فعلی تکنولوژی مورد نیاز و کاربردهای متنوع با هدف بهبود ابزارهای کاربردی می باشد. کتابهای زیادی در شصت و سه درصد گذشته, حال و آینده شناخت فراوان جامعه و متخصصان را می طلبد تا با نرم افزارها شناخت بیشتری را برای طراحان رایانه ای علی الخصوص طراحان خلاقی و فرهنگ پیشرو در زبان فارسی ایجاد کرد. در این صورت می توان امید داشت که تمام و دشواری موجود در ارائه راهکارها و شرایط سخت تایپ به پایان رسد وزمان مورد نیاز شامل حروفچینی دستاوردهای اصلی و جوابگوی سوالات پیوسته اهل دنیای موجود طراحی اساسا مورد استفاده قرار گیرد.لورم ایپسوم متن ساختگی با تولید سادگی نامفهوم از صنعت چاپ و با استفاده از طراحان گرافیک است. چاپگرها و متون بلکه روزنامه و مجله در ستون و سطرآنچنان که لازم است و برای شرایط فعلی تکنولوژی مورد نیاز و کاربردهای متنوع با هدف بهبود ابزارهای کاربردی می باشد. کتابهای زیادی در شصت و سه درصد گذشته, حال و آینده شناخت فراوان جامعه و متخصصان را می طلبد تا با نرم افزارها شناخت بیشتری را برای طراحان رایانه ای علی الخصوص طراحان خلاقی و فرهنگ پیشرو در زبان فارسی ایجاد کرد. در این صورت می توان امید داشت که تمام و دشواری موجود در ارائه راهکارها و شرایط سخت تایپ به پایان رسد وزمان مورد نیاز شامل حروفچینی دستاوردهای اصلی و جوابگوی سوالات پیوسته اهل دنیای موجود طراحی اساسا مورد استفاده قرار گیرد.</p>', 'لورم ایپسوم متن ساختگی با تولید سادگی نامفهوم از صنعت چاپ و با استفاده از طراحان گرافیک است. چاپگرها و متون بلکه روزنامه و مجله در ستون و سطرآنچنان که لازم است و برای شرایط فعلی تکنولوژی مورد نیاز و ک', 1, 0, NULL, '2018-07-02 20:31:32', '2018-07-02 21:19:43', 'phone-mobile-گوشی-گوشی موبایل', 19, NULL, '655*488', '4.5px', '12000amper', 'wifir-'),
(125, 'کالای پنجم', '<p style=\"text-align:right\">لورم ایپسوم متن ساختگی با تولید سادگی نامفهوم از صنعت چاپ و با استفاده از طراحان گرافیک است. چاپگرها و متون بلکه روزنامه و مجله در ستون و سطرآنچنان که لازم است و برای شرایط فعلی تکنولوژی مورد نیاز و کاربردهای متنوع با هدف بهبود ابزارهای کاربردی می باشد. کتابهای زیادی در شصت و سه درصد گذشته, حال و آینده شناخت فراوان جامعه و متخصصان را می طلبد تا با نرم افزارها شناخت بیشتری را برای طراحان رایانه ای علی الخصوص طراحان خلاقی و فرهنگ پیشرو در زبان فارسی ایجاد کرد. در این صورت می توان امید داشت که تمام و دشواری موجود در ارائه راهکارها و شرایط سخت تایپ به پایان رسد وزمان مورد نیاز شامل حروفچینی دستاوردهای اصلی و جوابگوی سوالات پیوسته اهل دنیای موجود طراحی اساسا مورد استفاده قرار گیرد.لورم ایپسوم متن ساختگی با تولید سادگی نامفهوم از صنعت چاپ و با استفاده از طراحان گرافیک است. چاپگرها و متون بلکه روزنامه و مجله در ستون و سطرآنچنان که لازم است و برای شرایط فعلی تکنولوژی مورد نیاز و کاربردهای متنوع با هدف بهبود ابزارهای کاربردی می باشد. کتابهای زیادی در شصت و سه درصد گذشته, حال و آینده شناخت فراوان جامعه و متخصصان را می طلبد تا با نرم افزارها شناخت بیشتری را برای طراحان رایانه ای علی الخصوص طراحان خلاقی و فرهنگ پیشرو در زبان فارسی ایجاد کرد. در این صورت می توان امید داشت که تمام و دشواری موجود در ارائه راهکارها و شرایط سخت تایپ به پایان رسد وزمان مورد نیاز شامل حروفچینی دستاوردهای اصلی و جوابگوی سوالات پیوسته اهل دنیای موجود طراحی اساسا مورد استفاده قرار گیرد.لورم ایپسوم متن ساختگی با تولید سادگی نامفهوم از صنعت چاپ و با استفاده از طراحان گرافیک است. چاپگرها و متون بلکه روزنامه و مجله در ستون و سطرآنچنان که لازم است و برای شرایط فعلی تکنولوژی مورد نیاز و کاربردهای متنوع با هدف بهبود ابزارهای کاربردی می باشد. کتابهای زیادی در شصت و سه درصد گذشته, حال و آینده شناخت فراوان جامعه و متخصصان را می طلبد تا با نرم افزارها شناخت بیشتری را برای طراحان رایانه ای علی الخصوص طراحان خلاقی و فرهنگ پیشرو در زبان فارسی ایجاد کرد. در این صورت می توان امید داشت که تمام و دشواری موجود در ارائه راهکارها و شرایط سخت تایپ به پایان رسد وزمان مورد نیاز شامل حروفچینی دستاوردهای اصلی و جوابگوی سوالات پیوسته اهل دنیای موجود طراحی اساسا مورد استفاده قرار گیرد.</p>', 'لورم ایپسوم متن ساختگی با تولید سادگی نامفهوم از صنعت چاپ و با استفاده از طراحان گرافیک است. چاپگرها و متون بلکه روزنامه و مجله در ستون و سطرآنچنان که لازم است و برای شرایط فعلی تکنولوژی مورد نیاز و ک', 24, 0, NULL, '2018-07-02 20:31:54', '2018-07-06 02:20:35', 'phone-mobile-گوشی-گوشی موبایل', 4, NULL, '-', '4.9px', '8000 amper', 'wifi49'),
(126, 'کالای ششم', '<p style=\"text-align:right\">لورم ایپسوم متن ساختگی با تولید سادگی نامفهوم از صنعت چاپ و با استفاده از طراحان گرافیک است. چاپگرها و متون بلکه روزنامه و مجله در ستون و سطرآنچنان که لازم است و برای شرایط فعلی تکنولوژی مورد نیاز و کاربردهای متنوع با هدف بهبود ابزارهای کاربردی می باشد. کتابهای زیادی در شصت و سه درصد گذشته, حال و آینده شناخت فراوان جامعه و متخصصان را می طلبد تا با نرم افزارها شناخت بیشتری را برای طراحان رایانه ای علی الخصوص طراحان خلاقی و فرهنگ پیشرو در زبان فارسی ایجاد کرد. در این صورت می توان امید داشت که تمام و دشواری موجود در ارائه راهکارها و شرایط سخت تایپ به پایان رسد وزمان مورد نیاز شامل حروفچینی دستاوردهای اصلی و جوابگوی سوالات پیوسته اهل دنیای موجود طراحی اساسا مورد استفاده قرار گیرد.لورم ایپسوم متن ساختگی با تولید سادگی نامفهوم از صنعت چاپ و با استفاده از طراحان گرافیک است. چاپگرها و متون بلکه روزنامه و مجله در ستون و سطرآنچنان که لازم است و برای شرایط فعلی تکنولوژی مورد نیاز و کاربردهای متنوع با هدف بهبود ابزارهای کاربردی می باشد. کتابهای زیادی در شصت و سه درصد گذشته, حال و آینده شناخت فراوان جامعه و متخصصان را می طلبد تا با نرم افزارها شناخت بیشتری را برای طراحان رایانه ای علی الخصوص طراحان خلاقی و فرهنگ پیشرو در زبان فارسی ایجاد کرد. در این صورت می توان امید داشت که تمام و دشواری موجود در ارائه راهکارها و شرایط سخت تایپ به پایان رسد وزمان مورد نیاز شامل حروفچینی دستاوردهای اصلی و جوابگوی سوالات پیوسته اهل دنیای موجود طراحی اساسا مورد استفاده قرار گیرد.لورم ایپسوم متن ساختگی با تولید سادگی نامفهوم از صنعت چاپ و با استفاده از طراحان گرافیک است. چاپگرها و متون بلکه روزنامه و مجله در ستون و سطرآنچنان که لازم است و برای شرایط فعلی تکنولوژی مورد نیاز و کاربردهای متنوع با هدف بهبود ابزارهای کاربردی می باشد. کتابهای زیادی در شصت و سه درصد گذشته, حال و آینده شناخت فراوان جامعه و متخصصان را می طلبد تا با نرم افزارها شناخت بیشتری را برای طراحان رایانه ای علی الخصوص طراحان خلاقی و فرهنگ پیشرو در زبان فارسی ایجاد کرد. در این صورت می توان امید داشت که تمام و دشواری موجود در ارائه راهکارها و شرایط سخت تایپ به پایان رسد وزمان مورد نیاز شامل حروفچینی دستاوردهای اصلی و جوابگوی سوالات پیوسته اهل دنیای موجود طراحی اساسا مورد استفاده قرار گیرد.</p>', 'لورم ایپسوم متن ساختگی با تولید سادگی نامفهوم از صنعت چاپ و با استفاده از طراحان گرافیک است. چاپگرها و متون بلکه روزنامه و مجله در ستون و سطرآنچنان که لازم است و برای شرایط فعلی تکنولوژی مورد نیاز و ک', 6, 0, NULL, '2018-07-02 20:32:26', '2018-07-02 23:26:51', 'phone-mobile-گوشی-گوشی موبایل-کالای ششم', 4, NULL, '877*655', '-', '2000amper', 'wifir3.2'),
(127, 'کالایه هفتم', '<p style=\"text-align:right\">لورم ایپسوم متن ساختگی با تولید سادگی نامفهوم از صنعت چاپ و با استفاده از طراحان گرافیک است. چاپگرها و متون بلکه روزنامه و مجله در ستون و سطرآنچنان که لازم است و برای شرایط فعلی تکنولوژی مورد نیاز و کاربردهای متنوع با هدف بهبود ابزارهای کاربردی می باشد. کتابهای زیادی در شصت و سه درصد گذشته, حال و آینده شناخت فراوان جامعه و متخصصان را می طلبد تا با نرم افزارها شناخت بیشتری را برای طراحان رایانه ای علی الخصوص طراحان خلاقی و فرهنگ پیشرو در زبان فارسی ایجاد کرد. در این صورت می توان امید داشت که تمام و دشواری موجود در ارائه راهکارها و شرایط سخت تایپ به پایان رسد وزمان مورد نیاز شامل حروفچینی دستاوردهای اصلی و جوابگوی سوالات پیوسته اهل دنیای موجود طراحی اساسا مورد استفاده قرار گیرد.لورم ایپسوم متن ساختگی با تولید سادگی نامفهوم از صنعت چاپ و با استفاده از طراحان گرافیک است. چاپگرها و متون بلکه روزنامه و مجله در ستون و سطرآنچنان که لازم است و برای شرایط فعلی تکنولوژی مورد نیاز و کاربردهای متنوع با هدف بهبود ابزارهای کاربردی می باشد. کتابهای زیادی در شصت و سه درصد گذشته, حال و آینده شناخت فراوان جامعه و متخصصان را می طلبد تا با نرم افزارها شناخت بیشتری را برای طراحان رایانه ای علی الخصوص طراحان خلاقی و فرهنگ پیشرو در زبان فارسی ایجاد کرد. در این صورت می توان امید داشت که تمام و دشواری موجود در ارائه راهکارها و شرایط سخت تایپ به پایان رسد وزمان مورد نیاز شامل حروفچینی دستاوردهای اصلی و جوابگوی سوالات پیوسته اهل دنیای موجود طراحی اساسا مورد استفاده قرار گیرد.لورم ایپسوم متن ساختگی با تولید سادگی نامفهوم از صنعت چاپ و با استفاده از طراحان گرافیک است. چاپگرها و متون بلکه روزنامه و مجله در ستون و سطرآنچنان که لازم است و برای شرایط فعلی تکنولوژی مورد نیاز و کاربردهای متنوع با هدف بهبود ابزارهای کاربردی می باشد. کتابهای زیادی در شصت و سه درصد گذشته, حال و آینده شناخت فراوان جامعه و متخصصان را می طلبد تا با نرم افزارها شناخت بیشتری را برای طراحان رایانه ای علی الخصوص طراحان خلاقی و فرهنگ پیشرو در زبان فارسی ایجاد کرد. در این صورت می توان امید داشت که تمام و دشواری موجود در ارائه راهکارها و شرایط سخت تایپ به پایان رسد وزمان مورد نیاز شامل حروفچینی دستاوردهای اصلی و جوابگوی سوالات پیوسته اهل دنیای موجود طراحی اساسا مورد استفاده قرار گیرد.</p>', 'لورم ایپسوم متن ساختگی با تولید سادگی نامفهوم از صنعت چاپ و با استفاده از طراحان گرافیک است. چاپگرها و متون بلکه روزنامه و مجله در ستون و سطرآنچنان که لازم است و برای شرایط فعلی تکنولوژی مورد نیاز و ک', 3, 0, NULL, '2018-07-02 20:32:50', '2018-07-06 06:02:09', 'phone-mobile-گوشی-گوشی موبایل-کالای هفتم', 18, NULL, '6555*7444', '4.5px', '1200ampr', 'wifir.4'),
(128, 'کالایه هشتم', '<p style=\"text-align:right\">لورم ایپسوم متن ساختگی با تولید سادگی نامفهوم از صنعت چاپ و با استفاده از طراحان گرافیک است. چاپگرها و متون بلکه روزنامه و مجله در ستون و سطرآنچنان که لازم است و برای شرایط فعلی تکنولوژی مورد نیاز و کاربردهای متنوع با هدف بهبود ابزارهای کاربردی می باشد. کتابهای زیادی در شصت و سه درصد گذشته, حال و آینده شناخت فراوان جامعه و متخصصان را می طلبد تا با نرم افزارها شناخت بیشتری را برای طراحان رایانه ای علی الخصوص طراحان خلاقی و فرهنگ پیشرو در زبان فارسی ایجاد کرد. در این صورت می توان امید داشت که تمام و دشواری موجود در ارائه راهکارها و شرایط سخت تایپ به پایان رسد وزمان مورد نیاز شامل حروفچینی دستاوردهای اصلی و جوابگوی سوالات پیوسته اهل دنیای موجود طراحی اساسا مورد استفاده قرار گیرد.لورم ایپسوم متن ساختگی با تولید سادگی نامفهوم از صنعت چاپ و با استفاده از طراحان گرافیک است. چاپگرها و متون بلکه روزنامه و مجله در ستون و سطرآنچنان که لازم است و برای شرایط فعلی تکنولوژی مورد نیاز و کاربردهای متنوع با هدف بهبود ابزارهای کاربردی می باشد. کتابهای زیادی در شصت و سه درصد گذشته, حال و آینده شناخت فراوان جامعه و متخصصان را می طلبد تا با نرم افزارها شناخت بیشتری را برای طراحان رایانه ای علی الخصوص طراحان خلاقی و فرهنگ پیشرو در زبان فارسی ایجاد کرد. در این صورت می توان امید داشت که تمام و دشواری موجود در ارائه راهکارها و شرایط سخت تایپ به پایان رسد وزمان مورد نیاز شامل حروفچینی دستاوردهای اصلی و جوابگوی سوالات پیوسته اهل دنیای موجود طراحی اساسا مورد استفاده قرار گیرد.لورم ایپسوم متن ساختگی با تولید سادگی نامفهوم از صنعت چاپ و با استفاده از طراحان گرافیک است. چاپگرها و متون بلکه روزنامه و مجله در ستون و سطرآنچنان که لازم است و برای شرایط فعلی تکنولوژی مورد نیاز و کاربردهای متنوع با هدف بهبود ابزارهای کاربردی می باشد. کتابهای زیادی در شصت و سه درصد گذشته, حال و آینده شناخت فراوان جامعه و متخصصان را می طلبد تا با نرم افزارها شناخت بیشتری را برای طراحان رایانه ای علی الخصوص طراحان خلاقی و فرهنگ پیشرو در زبان فارسی ایجاد کرد. در این صورت می توان امید داشت که تمام و دشواری موجود در ارائه راهکارها و شرایط سخت تایپ به پایان رسد وزمان مورد نیاز شامل حروفچینی دستاوردهای اصلی و جوابگوی سوالات پیوسته اهل دنیای موجود طراحی اساسا مورد استفاده قرار گیرد.</p>', 'لورم ایپسوم متن ساختگی با تولید سادگی نامفهوم از صنعت چاپ و با استفاده از طراحان گرافیک است. چاپگرها و متون بلکه روزنامه و مجله در ستون و سطرآنچنان که لازم است و برای شرایط فعلی تکنولوژی مورد نیاز و ک', 0, 0, NULL, '2018-07-02 20:33:15', '2018-07-02 20:33:15', 'phone-mobile-گوشی-گوشی موبایل-کالای هشتم', 3, NULL, '233*988', '23px', '100000amper', '-'),
(129, 'کالایه نهم', '<p style=\"text-align:right\">لورم ایپسوم متن ساختگی با تولید سادگی نامفهوم از صنعت چاپ و با استفاده از طراحان گرافیک است. چاپگرها و متون بلکه روزنامه و مجله در ستون و سطرآنچنان که لازم است و برای شرایط فعلی تکنولوژی مورد نیاز و کاربردهای متنوع با هدف بهبود ابزارهای کاربردی می باشد. کتابهای زیادی در شصت و سه درصد گذشته, حال و آینده شناخت فراوان جامعه و متخصصان را می طلبد تا با نرم افزارها شناخت بیشتری را برای طراحان رایانه ای علی الخصوص طراحان خلاقی و فرهنگ پیشرو در زبان فارسی ایجاد کرد. در این صورت می توان امید داشت که تمام و دشواری موجود در ارائه راهکارها و شرایط سخت تایپ به پایان رسد وزمان مورد نیاز شامل حروفچینی دستاوردهای اصلی و جوابگوی سوالات پیوسته اهل دنیای موجود طراحی اساسا مورد استفاده قرار گیرد.لورم ایپسوم متن ساختگی با تولید سادگی نامفهوم از صنعت چاپ و با استفاده از طراحان گرافیک است. چاپگرها و متون بلکه روزنامه و مجله در ستون و سطرآنچنان که لازم است و برای شرایط فعلی تکنولوژی مورد نیاز و کاربردهای متنوع با هدف بهبود ابزارهای کاربردی می باشد. کتابهای زیادی در شصت و سه درصد گذشته, حال و آینده شناخت فراوان جامعه و متخصصان را می طلبد تا با نرم افزارها شناخت بیشتری را برای طراحان رایانه ای علی الخصوص طراحان خلاقی و فرهنگ پیشرو در زبان فارسی ایجاد کرد. در این صورت می توان امید داشت که تمام و دشواری موجود در ارائه راهکارها و شرایط سخت تایپ به پایان رسد وزمان مورد نیاز شامل حروفچینی دستاوردهای اصلی و جوابگوی سوالات پیوسته اهل دنیای موجود طراحی اساسا مورد استفاده قرار گیرد.لورم ایپسوم متن ساختگی با تولید سادگی نامفهوم از صنعت چاپ و با استفاده از طراحان گرافیک است. چاپگرها و متون بلکه روزنامه و مجله در ستون و سطرآنچنان که لازم است و برای شرایط فعلی تکنولوژی مورد نیاز و کاربردهای متنوع با هدف بهبود ابزارهای کاربردی می باشد. کتابهای زیادی در شصت و سه درصد گذشته, حال و آینده شناخت فراوان جامعه و متخصصان را می طلبد تا با نرم افزارها شناخت بیشتری را برای طراحان رایانه ای علی الخصوص طراحان خلاقی و فرهنگ پیشرو در زبان فارسی ایجاد کرد. در این صورت می توان امید داشت که تمام و دشواری موجود در ارائه راهکارها و شرایط سخت تایپ به پایان رسد وزمان مورد نیاز شامل حروفچینی دستاوردهای اصلی و جوابگوی سوالات پیوسته اهل دنیای موجود طراحی اساسا مورد استفاده قرار گیرد.</p>', 'لورم ایپسوم متن ساختگی با تولید سادگی نامفهوم از صنعت چاپ و با استفاده از طراحان گرافیک است. چاپگرها و متون بلکه روزنامه و مجله در ستون و سطرآنچنان که لازم است و برای شرایط فعلی تکنولوژی مورد نیاز و ک', 1, 0, NULL, '2018-07-02 20:33:39', '2018-07-04 14:00:47', 'phone-mobile-گوشی-گوشی موبایل-کالای نهم', 5, NULL, '699*744', '11px', '8000amper', 'wifi4'),
(130, 'کالای دهم', '<p style=\"text-align:right\">لورم ایپسوم متن ساختگی با تولید سادگی نامفهوم از صنعت چاپ و با استفاده از طراحان گرافیک است. چاپگرها و متون بلکه روزنامه و مجله در ستون و سطرآنچنان که لازم است و برای شرایط فعلی تکنولوژی مورد نیاز و کاربردهای متنوع با هدف بهبود ابزارهای کاربردی می باشد. کتابهای زیادی در شصت و سه درصد گذشته, حال و آینده شناخت فراوان جامعه و متخصصان را می طلبد تا با نرم افزارها شناخت بیشتری را برای طراحان رایانه ای علی الخصوص طراحان خلاقی و فرهنگ پیشرو در زبان فارسی ایجاد کرد. در این صورت می توان امید داشت که تمام و دشواری موجود در ارائه راهکارها و شرایط سخت تایپ به پایان رسد وزمان مورد نیاز شامل حروفچینی دستاوردهای اصلی و جوابگوی سوالات پیوسته اهل دنیای موجود طراحی اساسا مورد استفاده قرار گیرد.لورم ایپسوم متن ساختگی با تولید سادگی نامفهوم از صنعت چاپ و با استفاده از طراحان گرافیک است. چاپگرها و متون بلکه روزنامه و مجله در ستون و سطرآنچنان که لازم است و برای شرایط فعلی تکنولوژی مورد نیاز و کاربردهای متنوع با هدف بهبود ابزارهای کاربردی می باشد. کتابهای زیادی در شصت و سه درصد گذشته, حال و آینده شناخت فراوان جامعه و متخصصان را می طلبد تا با نرم افزارها شناخت بیشتری را برای طراحان رایانه ای علی الخصوص طراحان خلاقی و فرهنگ پیشرو در زبان فارسی ایجاد کرد. در این صورت می توان امید داشت که تمام و دشواری موجود در ارائه راهکارها و شرایط سخت تایپ به پایان رسد وزمان مورد نیاز شامل حروفچینی دستاوردهای اصلی و جوابگوی سوالات پیوسته اهل دنیای موجود طراحی اساسا مورد استفاده قرار گیرد.لورم ایپسوم متن ساختگی با تولید سادگی نامفهوم از صنعت چاپ و با استفاده از طراحان گرافیک است. چاپگرها و متون بلکه روزنامه و مجله در ستون و سطرآنچنان که لازم است و برای شرایط فعلی تکنولوژی مورد نیاز و کاربردهای متنوع با هدف بهبود ابزارهای کاربردی می باشد. کتابهای زیادی در شصت و سه درصد گذشته, حال و آینده شناخت فراوان جامعه و متخصصان را می طلبد تا با نرم افزارها شناخت بیشتری را برای طراحان رایانه ای علی الخصوص طراحان خلاقی و فرهنگ پیشرو در زبان فارسی ایجاد کرد. در این صورت می توان امید داشت که تمام و دشواری موجود در ارائه راهکارها و شرایط سخت تایپ به پایان رسد وزمان مورد نیاز شامل حروفچینی دستاوردهای اصلی و جوابگوی سوالات پیوسته اهل دنیای موجود طراحی اساسا مورد استفاده قرار گیرد.</p>', 'لورم ایپسوم متن ساختگی با تولید سادگی نامفهوم از صنعت چاپ و با استفاده از طراحان گرافیک است. چاپگرها و متون بلکه روزنامه و مجله در ستون و سطرآنچنان که لازم است و برای شرایط فعلی تکنولوژی مورد نیاز و ک', 0, 0, NULL, '2018-07-02 20:34:08', '2018-07-02 20:34:08', 'phone-mobile-گوشی-گوشی موبایل-کالای دهم', 3, NULL, '988*655', '8px', '2300amper', 'wifi4.5'),
(131, 'کالای یازدهم', '<p style=\"text-align:right\">لورم ایپسوم متن ساختگی با تولید سادگی نامفهوم از صنعت چاپ و با استفاده از طراحان گرافیک است. چاپگرها و متون بلکه روزنامه و مجله در ستون و سطرآنچنان که لازم است و برای شرایط فعلی تکنولوژی مورد نیاز و کاربردهای متنوع با هدف بهبود ابزارهای کاربردی می باشد. کتابهای زیادی در شصت و سه درصد گذشته, حال و آینده شناخت فراوان جامعه و متخصصان را می طلبد تا با نرم افزارها شناخت بیشتری را برای طراحان رایانه ای علی الخصوص طراحان خلاقی و فرهنگ پیشرو در زبان فارسی ایجاد کرد. در این صورت می توان امید داشت که تمام و دشواری موجود در ارائه راهکارها و شرایط سخت تایپ به پایان رسد وزمان مورد نیاز شامل حروفچینی دستاوردهای اصلی و جوابگوی سوالات پیوسته اهل دنیای موجود طراحی اساسا مورد استفاده قرار گیرد.لورم ایپسوم متن ساختگی با تولید سادگی نامفهوم از صنعت چاپ و با استفاده از طراحان گرافیک است. چاپگرها و متون بلکه روزنامه و مجله در ستون و سطرآنچنان که لازم است و برای شرایط فعلی تکنولوژی مورد نیاز و کاربردهای متنوع با هدف بهبود ابزارهای کاربردی می باشد. کتابهای زیادی در شصت و سه درصد گذشته, حال و آینده شناخت فراوان جامعه و متخصصان را می طلبد تا با نرم افزارها شناخت بیشتری را برای طراحان رایانه ای علی الخصوص طراحان خلاقی و فرهنگ پیشرو در زبان فارسی ایجاد کرد. در این صورت می توان امید داشت که تمام و دشواری موجود در ارائه راهکارها و شرایط سخت تایپ به پایان رسد وزمان مورد نیاز شامل حروفچینی دستاوردهای اصلی و جوابگوی سوالات پیوسته اهل دنیای موجود طراحی اساسا مورد استفاده قرار گیرد.لورم ایپسوم متن ساختگی با تولید سادگی نامفهوم از صنعت چاپ و با استفاده از طراحان گرافیک است. چاپگرها و متون بلکه روزنامه و مجله در ستون و سطرآنچنان که لازم است و برای شرایط فعلی تکنولوژی مورد نیاز و کاربردهای متنوع با هدف بهبود ابزارهای کاربردی می باشد. کتابهای زیادی در شصت و سه درصد گذشته, حال و آینده شناخت فراوان جامعه و متخصصان را می طلبد تا با نرم افزارها شناخت بیشتری را برای طراحان رایانه ای علی الخصوص طراحان خلاقی و فرهنگ پیشرو در زبان فارسی ایجاد کرد. در این صورت می توان امید داشت که تمام و دشواری موجود در ارائه راهکارها و شرایط سخت تایپ به پایان رسد وزمان مورد نیاز شامل حروفچینی دستاوردهای اصلی و جوابگوی سوالات پیوسته اهل دنیای موجود طراحی اساسا مورد استفاده قرار گیرد.</p>', 'لورم ایپسوم متن ساختگی با تولید سادگی نامفهوم از صنعت چاپ و با استفاده از طراحان گرافیک است. چاپگرها و متون بلکه روزنامه و مجله در ستون و سطرآنچنان که لازم است و برای شرایط فعلی تکنولوژی مورد نیاز و ک', 1, 0, NULL, '2018-07-02 20:34:25', '2018-07-04 07:50:20', 'phone-mobile-گوشی-گوشی موبایل-کالای دهم', 3, NULL, '6555*99', '4.6px', '12000amper', 'wifi2.3'),
(132, 'کالای دوازدهم', '<p style=\"text-align:right\">لورم ایپسوم متن ساختگی با تولید سادگی نامفهوم از صنعت چاپ و با استفاده از طراحان گرافیک است. چاپگرها و متون بلکه روزنامه و مجله در ستون و سطرآنچنان که لازم است و برای شرایط فعلی تکنولوژی مورد نیاز و کاربردهای متنوع با هدف بهبود ابزارهای کاربردی می باشد. کتابهای زیادی در شصت و سه درصد گذشته, حال و آینده شناخت فراوان جامعه و متخصصان را می طلبد تا با نرم افزارها شناخت بیشتری را برای طراحان رایانه ای علی الخصوص طراحان خلاقی و فرهنگ پیشرو در زبان فارسی ایجاد کرد. در این صورت می توان امید داشت که تمام و دشواری موجود در ارائه راهکارها و شرایط سخت تایپ به پایان رسد وزمان مورد نیاز شامل حروفچینی دستاوردهای اصلی و جوابگوی سوالات پیوسته اهل دنیای موجود طراحی اساسا مورد استفاده قرار گیرد.لورم ایپسوم متن ساختگی با تولید سادگی نامفهوم از صنعت چاپ و با استفاده از طراحان گرافیک است. چاپگرها و متون بلکه روزنامه و مجله در ستون و سطرآنچنان که لازم است و برای شرایط فعلی تکنولوژی مورد نیاز و کاربردهای متنوع با هدف بهبود ابزارهای کاربردی می باشد. کتابهای زیادی در شصت و سه درصد گذشته, حال و آینده شناخت فراوان جامعه و متخصصان را می طلبد تا با نرم افزارها شناخت بیشتری را برای طراحان رایانه ای علی الخصوص طراحان خلاقی و فرهنگ پیشرو در زبان فارسی ایجاد کرد. در این صورت می توان امید داشت که تمام و دشواری موجود در ارائه راهکارها و شرایط سخت تایپ به پایان رسد وزمان مورد نیاز شامل حروفچینی دستاوردهای اصلی و جوابگوی سوالات پیوسته اهل دنیای موجود طراحی اساسا مورد استفاده قرار گیرد.لورم ایپسوم متن ساختگی با تولید سادگی نامفهوم از صنعت چاپ و با استفاده از طراحان گرافیک است. چاپگرها و متون بلکه روزنامه و مجله در ستون و سطرآنچنان که لازم است و برای شرایط فعلی تکنولوژی مورد نیاز و کاربردهای متنوع با هدف بهبود ابزارهای کاربردی می باشد. کتابهای زیادی در شصت و سه درصد گذشته, حال و آینده شناخت فراوان جامعه و متخصصان را می طلبد تا با نرم افزارها شناخت بیشتری را برای طراحان رایانه ای علی الخصوص طراحان خلاقی و فرهنگ پیشرو در زبان فارسی ایجاد کرد. در این صورت می توان امید داشت که تمام و دشواری موجود در ارائه راهکارها و شرایط سخت تایپ به پایان رسد وزمان مورد نیاز شامل حروفچینی دستاوردهای اصلی و جوابگوی سوالات پیوسته اهل دنیای موجود طراحی اساسا مورد استفاده قرار گیرد.</p>', 'لورم ایپسوم متن ساختگی با تولید سادگی نامفهوم از صنعت چاپ و با استفاده از طراحان گرافیک است. چاپگرها و متون بلکه روزنامه و مجله در ستون و سطرآنچنان که لازم است و برای شرایط فعلی تکنولوژی مورد نیاز و ک', 0, 0, NULL, '2018-07-02 20:34:40', '2018-07-02 20:34:40', 'phone-mobile-گوشی-گوشی موبایل-کالای دهم', 3, NULL, '844*866', 'px', '2000amper', 'wifi3'),
(133, 'کالای سیزدهم', '<p style=\"text-align:right\">لورم ایپسوم متن ساختگی با تولید سادگی نامفهوم از صنعت چاپ و با استفاده از طراحان گرافیک است. چاپگرها و متون بلکه روزنامه و مجله در ستون و سطرآنچنان که لازم است و برای شرایط فعلی تکنولوژی مورد نیاز و کاربردهای متنوع با هدف بهبود ابزارهای کاربردی می باشد. کتابهای زیادی در شصت و سه درصد گذشته, حال و آینده شناخت فراوان جامعه و متخصصان را می طلبد تا با نرم افزارها شناخت بیشتری را برای طراحان رایانه ای علی الخصوص طراحان خلاقی و فرهنگ پیشرو در زبان فارسی ایجاد کرد. در این صورت می توان امید داشت که تمام و دشواری موجود در ارائه راهکارها و شرایط سخت تایپ به پایان رسد وزمان مورد نیاز شامل حروفچینی دستاوردهای اصلی و جوابگوی سوالات پیوسته اهل دنیای موجود طراحی اساسا مورد استفاده قرار گیرد.لورم ایپسوم متن ساختگی با تولید سادگی نامفهوم از صنعت چاپ و با استفاده از طراحان گرافیک است. چاپگرها و متون بلکه روزنامه و مجله در ستون و سطرآنچنان که لازم است و برای شرایط فعلی تکنولوژی مورد نیاز و کاربردهای متنوع با هدف بهبود ابزارهای کاربردی می باشد. کتابهای زیادی در شصت و سه درصد گذشته, حال و آینده شناخت فراوان جامعه و متخصصان را می طلبد تا با نرم افزارها شناخت بیشتری را برای طراحان رایانه ای علی الخصوص طراحان خلاقی و فرهنگ پیشرو در زبان فارسی ایجاد کرد. در این صورت می توان امید داشت که تمام و دشواری موجود در ارائه راهکارها و شرایط سخت تایپ به پایان رسد وزمان مورد نیاز شامل حروفچینی دستاوردهای اصلی و جوابگوی سوالات پیوسته اهل دنیای موجود طراحی اساسا مورد استفاده قرار گیرد.لورم ایپسوم متن ساختگی با تولید سادگی نامفهوم از صنعت چاپ و با استفاده از طراحان گرافیک است. چاپگرها و متون بلکه روزنامه و مجله در ستون و سطرآنچنان که لازم است و برای شرایط فعلی تکنولوژی مورد نیاز و کاربردهای متنوع با هدف بهبود ابزارهای کاربردی می باشد. کتابهای زیادی در شصت و سه درصد گذشته, حال و آینده شناخت فراوان جامعه و متخصصان را می طلبد تا با نرم افزارها شناخت بیشتری را برای طراحان رایانه ای علی الخصوص طراحان خلاقی و فرهنگ پیشرو در زبان فارسی ایجاد کرد. در این صورت می توان امید داشت که تمام و دشواری موجود در ارائه راهکارها و شرایط سخت تایپ به پایان رسد وزمان مورد نیاز شامل حروفچینی دستاوردهای اصلی و جوابگوی سوالات پیوسته اهل دنیای موجود طراحی اساسا مورد استفاده قرار گیرد.</p>', 'لورم ایپسوم متن ساختگی با تولید سادگی نامفهوم از صنعت چاپ و با استفاده از طراحان گرافیک است. چاپگرها و متون بلکه روزنامه و مجله در ستون و سطرآنچنان که لازم است و برای شرایط فعلی تکنولوژی مورد نیاز و ک', 0, 0, NULL, '2018-07-02 20:35:08', '2018-07-02 20:35:08', 'phone-mobile-گوشی-گوشی موبایل-کالای سیزدهم', 3, NULL, '877*8999', 'px', '12000amper', 'wifi2'),
(134, 'کالای چهاردهم', '<p style=\"text-align:right\">لورم ایپسوم متن ساختگی با تولید سادگی نامفهوم از صنعت چاپ و با استفاده از طراحان گرافیک است. چاپگرها و متون بلکه روزنامه و مجله در ستون و سطرآنچنان که لازم است و برای شرایط فعلی تکنولوژی مورد نیاز و کاربردهای متنوع با هدف بهبود ابزارهای کاربردی می باشد. کتابهای زیادی در شصت و سه درصد گذشته, حال و آینده شناخت فراوان جامعه و متخصصان را می طلبد تا با نرم افزارها شناخت بیشتری را برای طراحان رایانه ای علی الخصوص طراحان خلاقی و فرهنگ پیشرو در زبان فارسی ایجاد کرد. در این صورت می توان امید داشت که تمام و دشواری موجود در ارائه راهکارها و شرایط سخت تایپ به پایان رسد وزمان مورد نیاز شامل حروفچینی دستاوردهای اصلی و جوابگوی سوالات پیوسته اهل دنیای موجود طراحی اساسا مورد استفاده قرار گیرد.لورم ایپسوم متن ساختگی با تولید سادگی نامفهوم از صنعت چاپ و با استفاده از طراحان گرافیک است. چاپگرها و متون بلکه روزنامه و مجله در ستون و سطرآنچنان که لازم است و برای شرایط فعلی تکنولوژی مورد نیاز و کاربردهای متنوع با هدف بهبود ابزارهای کاربردی می باشد. کتابهای زیادی در شصت و سه درصد گذشته, حال و آینده شناخت فراوان جامعه و متخصصان را می طلبد تا با نرم افزارها شناخت بیشتری را برای طراحان رایانه ای علی الخصوص طراحان خلاقی و فرهنگ پیشرو در زبان فارسی ایجاد کرد. در این صورت می توان امید داشت که تمام و دشواری موجود در ارائه راهکارها و شرایط سخت تایپ به پایان رسد وزمان مورد نیاز شامل حروفچینی دستاوردهای اصلی و جوابگوی سوالات پیوسته اهل دنیای موجود طراحی اساسا مورد استفاده قرار گیرد.لورم ایپسوم متن ساختگی با تولید سادگی نامفهوم از صنعت چاپ و با استفاده از طراحان گرافیک است. چاپگرها و متون بلکه روزنامه و مجله در ستون و سطرآنچنان که لازم است و برای شرایط فعلی تکنولوژی مورد نیاز و کاربردهای متنوع با هدف بهبود ابزارهای کاربردی می باشد. کتابهای زیادی در شصت و سه درصد گذشته, حال و آینده شناخت فراوان جامعه و متخصصان را می طلبد تا با نرم افزارها شناخت بیشتری را برای طراحان رایانه ای علی الخصوص طراحان خلاقی و فرهنگ پیشرو در زبان فارسی ایجاد کرد. در این صورت می توان امید داشت که تمام و دشواری موجود در ارائه راهکارها و شرایط سخت تایپ به پایان رسد وزمان مورد نیاز شامل حروفچینی دستاوردهای اصلی و جوابگوی سوالات پیوسته اهل دنیای موجود طراحی اساسا مورد استفاده قرار گیرد.</p>', 'لورم ایپسوم متن ساختگی با تولید سادگی نامفهوم از صنعت چاپ و با استفاده از طراحان گرافیک است. چاپگرها و متون بلکه روزنامه و مجله در ستون و سطرآنچنان که لازم است و برای شرایط فعلی تکنولوژی مورد نیاز و ک', 2, 0, NULL, '2018-07-02 20:36:05', '2018-07-04 04:11:39', 'phone-mobile-گوشی-گوشی موبایل-کالای چهاردهم', 3, NULL, 'modality', 'camera', 'batteru', 'internet'),
(141, 'موسی', '<p>1</p>', '1', 0, 0, NULL, '2018-07-04 09:52:03', '2018-07-04 09:52:03', '2221', 5, NULL, 'ت', 'ت', 'ت', 'ت'),
(142, 'phone-lg', '<p style=\"text-align:right\">لورم ایپسوم متن ساختگی با تولید سادگی نامفهوم از صنعت چاپ و با استفاده از طراحان گرافیک است. چاپگرها و متون بلکه روزنامه و مجله در ستون و سطرآنچنان که لازم است و برای شرایط فعلی تکنولوژی مورد نیاز و کلورم ایپسوم متن ساختگی با تولید سادگی نامفهوم از صنعت چاپ و با استفاده از طراحان گرافیک است. چاپگرها و متون بلکه روزنامه و مجله در ستون و سطرآنچنان که لازم است و برای شرایط فعلی تکنولوژی مورد نیاز و کلورم ایپسوم متن ساختگی با تولید سادگی نامفهوم از صنعت چاپ و با استفاده از طراحان گرافیک است. چاپگرها و متون بلکه روزنامه و مجله در ستون و سطرآنچنان که لازم است و برای شرایط فعلی تکنولوژی مورد نیاز و کلورم ایپسوم متن ساختگی با تولید سادگی نامفهوم از صنعت چاپ و با استفاده از طراحان گرافیک است. چاپگرها و متون بلکه روزنامه و مجله در ستون و سطرآنچنان که لازم است و برای شرایط فعلی تکنولوژی مورد نیاز و ک</p>', 'لورم ایپسوم متن ساختگی با تولید سادگی نامفهوم از صنعت چاپ و با استفاده از طراحان گرافیک است. چاپگرها و متون بلکه روزنامه و مجله در ستون و سطرآنچنان که لازم است و برای شرایط فعلی تکنولوژی مورد نیاز و ک', 0, 0, NULL, '2018-07-06 02:04:16', '2018-07-06 02:04:16', 'گوشی-موبایل-lg', 4, NULL, '400 * 800 px', '3.9 mega pixel', 'نرمال', 'پشتیبانی از 4g'),
(143, 'phone-samsun', '<p style=\"text-align:right\">لورم ایپسوم متن ساختگی با تولید سادگی نامفهوم از صنعت چاپ و با استفاده از طراحان گرافیک است. چاپگرها و متون بلکه روزنامه و مجله در ستون و سطرآنچنان که لازم است و برای شرایط فعلی تکنولوژی مورد نیاز و کلورم ایپسوم متن ساختگی با تولید سادگی نامفهوم از صنعت چاپ و با استفاده از طراحان گرافیک است. چاپگرها و متون بلکه روزنامه و مجله در ستون و سطرآنچنان که لازم است و برای شرایط فعلی تکنولوژی مورد نیاز و کلورم ایپسوم متن ساختگی با تولید سادگی نامفهوم از صنعت چاپ و با استفاده از طراحان گرافیک است. چاپگرها و متون بلکه روزنامه و مجله در ستون و سطرآنچنان که لازم است و برای شرایط فعلی تکنولوژی مورد نیاز و کلورم ایپسوم متن ساختگی با تولید سادگی نامفهوم از صنعت چاپ و با استفاده از طراحان گرافیک است. چاپگرها و متون بلکه روزنامه و مجله در ستون و سطرآنچنان که لازم است و برای شرایط فعلی تکنولوژی مورد نیاز و کلورم ایپسوم متن ساختگی با تولید سادگی نامفهوم از صنعت چاپ و با استفاده از طراحان گرافیک است. چاپگرها و متون بلکه روزنامه و مجله در ستون و سطرآنچنان که لازم است و برای شرایط فعلی تکنولوژی مورد نیاز و ک</p>', 'لورم ایپسوم متن ساختگی با تولید سادگی نامفهوم از صنعت چاپ و با استفاده از طراحان گرافیک است. چاپگرها و متون بلکه روزنامه و مجله در ستون و سطرآنچنان که لازم است و برای شرایط فعلی تکنولوژی مورد نیاز و ک', 0, 0, NULL, '2018-07-06 02:10:29', '2018-07-06 02:10:29', 'گوشی-گوشی سامسونگ-گوشی های سامسونگ', 3, NULL, '3000px', '4.6 pixel', '9000 amper', 'wifi3'),
(144, 'phone-samsun', '<p style=\"text-align:right\">لورم ایپسوم متن ساختگی با تولید سادگی نامفهوم از صنعت چاپ و با استفاده از طراحان گرافیک است. چاپگرها و متون بلکه روزنامه و مجله در ستون و سطرآنچنان که لازم است و برای شرایط فعلی تکنولوژی مورد نیاز و کلورم ایپسوم متن ساختگی با تولید سادگی نامفهوم از صنعت چاپ و با استفاده از طراحان گرافیک است. چاپگرها و متون بلکه روزنامه و مجله در ستون و سطرآنچنان که لازم است و برای شرایط فعلی تکنولوژی مورد نیاز و کلورم ایپسوم متن ساختگی با تولید سادگی نامفهوم از صنعت چاپ و با استفاده از طراحان گرافیک است. چاپگرها و متون بلکه روزنامه و مجله در ستون و سطرآنچنان که لازم است و برای شرایط فعلی تکنولوژی مورد نیاز و کلورم ایپسوم متن ساختگی با تولید سادگی نامفهوم از صنعت چاپ و با استفاده از طراحان گرافیک است. چاپگرها و متون بلکه روزنامه و مجله در ستون و سطرآنچنان که لازم است و برای شرایط فعلی تکنولوژی مورد نیاز و کلورم ایپسوم متن ساختگی با تولید سادگی نامفهوم از صنعت چاپ و با استفاده از طراحان گرافیک است. چاپگرها و متون بلکه روزنامه و مجله در ستون و سطرآنچنان که لازم است و برای شرایط فعلی تکنولوژی مورد نیاز و ک</p>', 'لورم ایپسوم متن ساختگی با تولید سادگی نامفهوم از صنعت چاپ و با استفاده از طراحان گرافیک است. چاپگرها و متون بلکه روزنامه و مجله در ستون و سطرآنچنان که لازم است و برای شرایط فعلی تکنولوژی مورد نیاز و ک', 0, 0, NULL, '2018-07-06 02:10:30', '2018-07-06 02:10:30', 'گوشی-گوشی سامسونگ-گوشی های سامسونگ', 3, NULL, '3000px', '4.6 pixel', '9000 amper', 'wifi3'),
(145, 'phone-apple', '<blockquote>\r\n<p style=\"text-align:right\"><span dir=\"ltr\" lang=\"fr\">لورم ایپسوم متن ساختگی با تولید سادگی نامفهوم از صنعت چاپ و با استفاده از طراحان گرافیک است. چاپگرها و متون بلکه روزنامه و مجله در ستون و سطرآنچنان که لازم است و برای شرایط فعلی تکنولوژی مورد نیاز و کلورم ایپسوم متن ساختگی با تولید سادگی نامفهوم از صنعت چاپ و با استفاده از طراحان گرافیک است. چاپگرها و متون بلکه روزنامه و مجله در ستون و سطرآنچنان که لازم است و برای شرایط فعلی تکنولوژی مورد نیاز و کلورم ایپسوم متن ساختگی با تولید سادگی نامفهوم از صنعت چاپ و با استفاده از طراحان گرافیک است. چاپگرها و متون بلکه روزنامه و مجله در ستون و سطرآنچنان که لازم است و برای شرایط فعلی تکنولوژی مورد نیاز و کلورم ایپسوم متن ساختگی با تولید سادگی نامفهوم از صنعت چاپ و با استفاده از طراحان گرافیک است. چاپگرها و متون بلکه روزنامه و مجله در ستون و سطرآنچنان که لازم است و برای شرایط فعلی تکنولوژی مورد نیاز و کلورم ایپسوم متن ساختگی با تولید سادگی نامفهوم از صنعت چاپ و با استفاده از طراحان گرافیک است. چاپگرها و متون بلکه روزنامه و مجله در ستون و سطرآنچنان که لازم است و برای شرایط فعلی تکنولوژی مورد نیاز و کلورم ایپسوم متن ساختگی با تولید سادگی نامفهوم از صنعت چاپ و با استفاده از طراحان گرافیک است. چاپگرها و متون بلکه روزنامه و مجله در ستون و سطرآنچنان که لازم است و برای شرایط فعلی تکنولوژی مورد نیاز و ک</span></p>\r\n</blockquote>', 'لورم ایپسوم متن ساختگی با تولید سادگی نامفهوم از صنعت چاپ و با استفاده از طراحان گرافیک است. چاپگرها و متون بلکه روزنامه و مجله در ستون و سطرآنچنان که لازم است و برای شرایط فعلی تکنولوژی مورد نیاز و ک', 20, 0, NULL, '2018-07-06 02:12:00', '2018-07-07 02:19:27', 'گوشی-گوشی اپل-گوشی های اپل', 19, NULL, '300 * 600', '23pixel', 'باتری خوب', 'wifi3');

-- --------------------------------------------------------

--
-- Table structure for table `products_categories`
--

CREATE TABLE `products_categories` (
  `product_id` int(11) NOT NULL,
  `category_id` int(11) NOT NULL
) ENGINE=InnoDB DEFAULT CHARSET=utf8;

--
-- Dumping data for table `products_categories`
--

INSERT INTO `products_categories` (`product_id`, `category_id`) VALUES
(112, 17),
(112, 18),
(112, 20),
(112, 21),
(112, 22),
(112, 23),
(112, 24),
(112, 25),
(112, 26),
(112, 27),
(112, 28),
(114, 29),
(121, 29),
(121, 30),
(121, 31),
(121, 32),
(121, 33),
(121, 34),
(122, 29),
(122, 30),
(122, 31),
(122, 32),
(122, 33),
(122, 34),
(123, 30),
(123, 31),
(123, 32),
(123, 33),
(123, 34),
(124, 30),
(124, 31),
(124, 32),
(124, 33),
(124, 34),
(125, 33),
(125, 34),
(126, 33),
(126, 34),
(127, 30),
(127, 31),
(127, 32),
(127, 33),
(127, 34),
(128, 30),
(128, 31),
(128, 32),
(128, 33),
(128, 34),
(129, 33),
(129, 34),
(130, 30),
(130, 31),
(130, 32),
(130, 33),
(130, 34),
(131, 30),
(131, 31),
(131, 32),
(131, 33),
(131, 34),
(132, 33),
(132, 34),
(133, 30),
(133, 31),
(133, 32),
(133, 33),
(133, 34),
(141, 33),
(141, 34),
(141, 35),
(141, 37),
(141, 40),
(142, 33),
(142, 34),
(142, 35),
(142, 37),
(142, 40),
(143, 33),
(143, 34),
(143, 35),
(143, 37),
(143, 40),
(144, 33),
(144, 34),
(144, 35),
(144, 37),
(144, 40),
(145, 33),
(145, 34),
(145, 37),
(145, 40);

-- --------------------------------------------------------

--
-- Table structure for table `products_orders`
--

CREATE TABLE `products_orders` (
  `product_id` int(11) DEFAULT NULL,
  `order_id` int(11) DEFAULT NULL
) ENGINE=InnoDB DEFAULT CHARSET=utf8;

--
-- Dumping data for table `products_orders`
--

INSERT INTO `products_orders` (`product_id`, `order_id`) VALUES
(125, 4),
(126, 4),
(127, 4),
(128, 4),
(125, 5),
(126, 5),
(127, 5),
(128, 5);

-- --------------------------------------------------------

--
-- Table structure for table `sessions`
--

CREATE TABLE `sessions` (
  `id` varchar(255) COLLATE utf8_unicode_ci NOT NULL,
  `user_id` int(11) DEFAULT NULL,
  `ip_address` varchar(45) COLLATE utf8_unicode_ci DEFAULT NULL,
  `user_agent` text COLLATE utf8_unicode_ci,
  `payload` text COLLATE utf8_unicode_ci NOT NULL,
  `last_activity` int(11) NOT NULL
) ENGINE=MyISAM DEFAULT CHARSET=utf8 COLLATE=utf8_unicode_ci;

--
-- Dumping data for table `sessions`
--

INSERT INTO `sessions` (`id`, `user_id`, `ip_address`, `user_agent`, `payload`, `last_activity`) VALUES
('3l2D4tKLyT2qeNHIQFvSkArUScIgWZ4ObyE8hdpX', NULL, '127.0.0.1', 'Mozilla/5.0 (Windows NT 6.3; Win64; x64; rv:61.0) Gecko/20100101 Firefox/61.0', 'YTozOntzOjY6Il90b2tlbiI7czo0MDoiejVDYVlETUc0RE1zd2htZmc1amFLSzJNZnl1bGhKODdkeWF6NmwweCI7czo5OiJfcHJldmlvdXMiO2E6MTp7czozOiJ1cmwiO3M6MjE6Imh0dHA6Ly8xMjcuMC4wLjE6ODAwMCI7fXM6NjoiX2ZsYXNoIjthOjI6e3M6Mzoib2xkIjthOjA6e31zOjM6Im5ldyI7YTowOnt9fX0=', 1530970626),
('IENccW8Sz68B68HRhqrdPeVDLQD4Il2CzoNzIKyP', NULL, '127.0.0.1', 'Mozilla/5.0 (Windows NT 6.3; Win64; x64; rv:61.0) Gecko/20100101 Firefox/61.0', 'YTo0OntzOjY6Il90b2tlbiI7czo0MDoid21IV25rTEp0Q3FDRGdTb2VxS1BwdEo5eGVPcDBEaGVkQ3pKOGdOQyI7czo5OiJfcHJldmlvdXMiO2E6MTp7czozOiJ1cmwiO3M6MjY6Imh0dHA6Ly8xMjcuMC4wLjE6ODAwMC9jYXJ0Ijt9czo2OiJfZmxhc2giO2E6Mjp7czozOiJvbGQiO2E6MDp7fXM6MzoibmV3IjthOjA6e319czo0OiJjYXJ0IjthOjI6e2k6MTIyO2k6MTtpOjEyMztpOjE7fX0=', 1530970570),
('kfrl7PE4cvX1MsvLgCUPk1gUnTMxuFYw2jxBGEEQ', NULL, '127.0.0.1', 'Mozilla/5.0 (Windows NT 6.3; Win64; x64; rv:61.0) Gecko/20100101 Firefox/61.0', 'YTozOntzOjY6Il90b2tlbiI7czo0MDoiNGs1djRVcEwwSFFyaHVMWFJaWW92Qzh5RjFiMERkcnFIU2pqUmlycCI7czo5OiJfcHJldmlvdXMiO2E6MTp7czozOiJ1cmwiO3M6Mjg6Imh0dHA6Ly8xMjcuMC4wLjE6ODAwMC9jYWxsbWUiO31zOjY6Il9mbGFzaCI7YToyOntzOjM6Im9sZCI7YTowOnt9czozOiJuZXciO2E6MDp7fX19', 1530961821),
('sEvisJZpjZBux1QiFmnKxzPsQBQkkoitwSiQ62F7', NULL, '127.0.0.1', 'Mozilla/5.0 (Windows NT 6.3; Win64; x64; rv:61.0) Gecko/20100101 Firefox/61.0', 'YTo0OntzOjY6Il90b2tlbiI7czo0MDoiZjVYeDRHWjA5Mm16YTZ3SzdtOWNyRzdPNlI1bWpCTkVsM2RMS2puMyI7czozOiJ1cmwiO2E6MTp7czo4OiJpbnRlbmRlZCI7czoyNzoiaHR0cDovL2xvY2FsaG9zdDo4MDAwL2FkbWluIjt9czo5OiJfcHJldmlvdXMiO2E6MTp7czozOiJ1cmwiO3M6Mjc6Imh0dHA6Ly9sb2NhbGhvc3Q6ODAwMC9sb2dpbiI7fXM6NjoiX2ZsYXNoIjthOjI6e3M6Mzoib2xkIjthOjA6e31zOjM6Im5ldyI7YTowOnt9fX0=', 1530961817);

-- --------------------------------------------------------

--
-- Table structure for table `slide`
--

CREATE TABLE `slide` (
  `id` int(11) NOT NULL,
  `img` varchar(255) DEFAULT NULL,
  `product_id` int(255) DEFAULT NULL,
  `created_at` timestamp NULL DEFAULT NULL,
  `updated_at` timestamp NULL DEFAULT NULL,
  `name` varchar(255) DEFAULT NULL
) ENGINE=InnoDB DEFAULT CHARSET=utf8;

--
-- Dumping data for table `slide`
--

INSERT INTO `slide` (`id`, `img`, `product_id`, `created_at`, `updated_at`, `name`) VALUES
(7, 'slide_time_1530611694_VNb.jpg', 121, '2018-07-03 05:24:54', '2018-07-03 05:24:54', 'کالای اول'),
(11, 'slide_time_1530611896_chi.jpg', 127, '2018-07-03 05:28:16', '2018-07-03 05:28:16', 'کالایه هفتم'),
(13, 'slide_time_1530611988_t1D.jpg', 133, '2018-07-03 05:29:48', '2018-07-03 05:29:48', 'کالای سیزدهم'),
(16, 'slide_time_1530612602_vP0.jpg', 125, '2018-07-03 05:40:02', '2018-07-03 05:40:02', 'کالای پنجم'),
(19, 'slide_time_1530704766_zBn.jpg', 125, '2018-07-04 07:16:07', '2018-07-04 07:16:07', 'کالای پنجم'),
(20, 'slide_time_1530874712_Zss.jpg', 121, '2018-07-04 07:16:35', '2018-07-06 06:28:32', 'کالای اول');

-- --------------------------------------------------------

--
-- Table structure for table `users`
--

CREATE TABLE `users` (
  `id` int(10) UNSIGNED NOT NULL,
  `name` varchar(255) COLLATE utf8mb4_unicode_ci NOT NULL,
  `email` varchar(255) COLLATE utf8mb4_unicode_ci NOT NULL,
  `password` varchar(255) COLLATE utf8mb4_unicode_ci NOT NULL,
  `img` varchar(255) COLLATE utf8mb4_unicode_ci DEFAULT NULL,
  `role` int(10) NOT NULL DEFAULT '0',
  `remember_token` varchar(100) COLLATE utf8mb4_unicode_ci DEFAULT NULL,
  `created_at` timestamp NULL DEFAULT NULL,
  `updated_at` timestamp NULL DEFAULT NULL,
  `level` varchar(255) CHARACTER SET utf8 DEFAULT NULL
) ENGINE=InnoDB DEFAULT CHARSET=utf8mb4 COLLATE=utf8mb4_unicode_ci;

--
-- Dumping data for table `users`
--

INSERT INTO `users` (`id`, `name`, `email`, `password`, `img`, `role`, `remember_token`, `created_at`, `updated_at`, `level`) VALUES
(1, 'محسن', 'mohsen.mehri6101@gmail.com', '$2y$10$2YcHntPW0GQlgz3JqQHCYeMlsLmSZNFVpphR7jm5DMqK32FfS5jmy', 'admin_time_1530712078_Rl9.jpg', 0, 'qQhmXxsFasukrCAVAgHg7jgNHt7dLE6oTsGeG8HUOR5ZBq3RzU6lIQSJsTo0', '2018-02-15 14:04:32', '2018-07-04 09:17:58', 'admin');

-- --------------------------------------------------------

--
-- Table structure for table `visitlogs`
--

CREATE TABLE `visitlogs` (
  `id` int(11) NOT NULL,
  `ip` varchar(255) DEFAULT '0.0.0.0',
  `os` text,
  `user_id` text,
  `user_name` text,
  `country_code` text,
  `region_name` text,
  `city` text,
  `zip_code` text,
  `time_zone` text,
  `latitude` text,
  `longitude` text,
  `browser` text,
  `created_at` timestamp NULL DEFAULT NULL,
  `updated_at` timestamp NULL DEFAULT NULL
) ENGINE=InnoDB DEFAULT CHARSET=utf8;

--
-- Dumping data for table `visitlogs`
--

INSERT INTO `visitlogs` (`id`, `ip`, `os`, `user_id`, `user_name`, `country_code`, `region_name`, `city`, `zip_code`, `time_zone`, `latitude`, `longitude`, `browser`, `created_at`, `updated_at`) VALUES
(1, '127.0.0.1', 'Windows', '0', 'Guest', NULL, NULL, NULL, NULL, NULL, NULL, NULL, 'Chrome (67.0.3396.99)', '2018-07-03 02:09:13', '2018-07-03 02:12:38'),
(2, '127.0.0.1', 'Windows', '0', 'Guest', NULL, NULL, NULL, NULL, NULL, NULL, NULL, 'Firefox (61.0)', '2018-07-03 02:17:20', '2018-07-07 09:07:06'),
(3, '192.168.43.9', 'Windows', '0', 'Guest', NULL, NULL, NULL, NULL, NULL, NULL, NULL, 'Firefox (61.0)', '2018-07-03 03:54:02', '2018-07-03 03:55:51');

--
-- Indexes for dumped tables
--

--
-- Indexes for table `about`
--
ALTER TABLE `about`
  ADD PRIMARY KEY (`id`);

--
-- Indexes for table `categories`
--
ALTER TABLE `categories`
  ADD PRIMARY KEY (`id`);

--
-- Indexes for table `comments`
--
ALTER TABLE `comments`
  ADD PRIMARY KEY (`id`),
  ADD KEY `fk_comment_product1_idx` (`product_id`),
  ADD KEY `fk_comment_comment1_idx` (`comment_id`);

--
-- Indexes for table `company`
--
ALTER TABLE `company`
  ADD PRIMARY KEY (`id`);

--
-- Indexes for table `images`
--
ALTER TABLE `images`
  ADD PRIMARY KEY (`id`);

--
-- Indexes for table `likes`
--
ALTER TABLE `likes`
  ADD PRIMARY KEY (`id`);

--
-- Indexes for table `migrations`
--
ALTER TABLE `migrations`
  ADD PRIMARY KEY (`id`);

--
-- Indexes for table `orders`
--
ALTER TABLE `orders`
  ADD PRIMARY KEY (`id`);

--
-- Indexes for table `prices`
--
ALTER TABLE `prices`
  ADD PRIMARY KEY (`id`),
  ADD KEY `fk_price_product1_idx` (`product_id`);

--
-- Indexes for table `products`
--
ALTER TABLE `products`
  ADD PRIMARY KEY (`id`);

--
-- Indexes for table `products_categories`
--
ALTER TABLE `products_categories`
  ADD PRIMARY KEY (`product_id`,`category_id`),
  ADD KEY `fk_product_has_category_category1_idx` (`category_id`) USING BTREE,
  ADD KEY `fk_product_has_category_product1_idx` (`product_id`) USING BTREE;

--
-- Indexes for table `slide`
--
ALTER TABLE `slide`
  ADD PRIMARY KEY (`id`);

--
-- Indexes for table `users`
--
ALTER TABLE `users`
  ADD PRIMARY KEY (`id`);

--
-- Indexes for table `visitlogs`
--
ALTER TABLE `visitlogs`
  ADD PRIMARY KEY (`id`);

--
-- AUTO_INCREMENT for dumped tables
--

--
-- AUTO_INCREMENT for table `about`
--
ALTER TABLE `about`
  MODIFY `id` int(11) NOT NULL AUTO_INCREMENT, AUTO_INCREMENT=2;

--
-- AUTO_INCREMENT for table `categories`
--
ALTER TABLE `categories`
  MODIFY `id` int(11) NOT NULL AUTO_INCREMENT, AUTO_INCREMENT=42;

--
-- AUTO_INCREMENT for table `comments`
--
ALTER TABLE `comments`
  MODIFY `id` int(11) NOT NULL AUTO_INCREMENT, AUTO_INCREMENT=12;

--
-- AUTO_INCREMENT for table `company`
--
ALTER TABLE `company`
  MODIFY `id` int(11) NOT NULL AUTO_INCREMENT, AUTO_INCREMENT=20;

--
-- AUTO_INCREMENT for table `images`
--
ALTER TABLE `images`
  MODIFY `id` int(11) NOT NULL AUTO_INCREMENT, AUTO_INCREMENT=343;

--
-- AUTO_INCREMENT for table `likes`
--
ALTER TABLE `likes`
  MODIFY `id` int(11) NOT NULL AUTO_INCREMENT;

--
-- AUTO_INCREMENT for table `migrations`
--
ALTER TABLE `migrations`
  MODIFY `id` int(10) UNSIGNED NOT NULL AUTO_INCREMENT;

--
-- AUTO_INCREMENT for table `orders`
--
ALTER TABLE `orders`
  MODIFY `id` int(11) NOT NULL AUTO_INCREMENT, AUTO_INCREMENT=6;

--
-- AUTO_INCREMENT for table `prices`
--
ALTER TABLE `prices`
  MODIFY `id` int(11) NOT NULL AUTO_INCREMENT, AUTO_INCREMENT=193;

--
-- AUTO_INCREMENT for table `products`
--
ALTER TABLE `products`
  MODIFY `id` int(11) NOT NULL AUTO_INCREMENT, AUTO_INCREMENT=146;

--
-- AUTO_INCREMENT for table `slide`
--
ALTER TABLE `slide`
  MODIFY `id` int(11) NOT NULL AUTO_INCREMENT, AUTO_INCREMENT=21;

--
-- AUTO_INCREMENT for table `users`
--
ALTER TABLE `users`
  MODIFY `id` int(10) UNSIGNED NOT NULL AUTO_INCREMENT, AUTO_INCREMENT=2;

--
-- AUTO_INCREMENT for table `visitlogs`
--
ALTER TABLE `visitlogs`
  MODIFY `id` int(11) NOT NULL AUTO_INCREMENT, AUTO_INCREMENT=4;

--
-- Constraints for dumped tables
--

--
-- Constraints for table `comments`
--
ALTER TABLE `comments`
  ADD CONSTRAINT `fk_comment_comment1` FOREIGN KEY (`comment_id`) REFERENCES `comments` (`id`) ON DELETE NO ACTION ON UPDATE NO ACTION,
  ADD CONSTRAINT `fk_comment_product1` FOREIGN KEY (`product_id`) REFERENCES `products` (`id`) ON DELETE NO ACTION ON UPDATE NO ACTION;
COMMIT;

/*!40101 SET CHARACTER_SET_CLIENT=@OLD_CHARACTER_SET_CLIENT */;
/*!40101 SET CHARACTER_SET_RESULTS=@OLD_CHARACTER_SET_RESULTS */;
/*!40101 SET COLLATION_CONNECTION=@OLD_COLLATION_CONNECTION */;
